
-- data.sql (ordered for FK integrity) --

-- 1) roles
INSERT INTO `roles` VALUES (1,'ROLE_ADMIN'),(2,'ROLE_CLIENTE'),(3,'ROLE_RESTAURANTE'),(4,'ROLE_REPARTIDOR');

-- 2) configuracion_sistema
INSERT INTO configuracion_sistema (id, comision_plataforma, costo_base_delivery, costo_por_kilometro, modo_mantenimiento, monto_minimo_pedido, porcentaje_ganancias_repartidor, radio_maximo_entrega, tiempo_maximo_entrega,fecha_actualizacion)
VALUES (1, 15.0, 2000.0, 500.0, false, 5000.0, 80.0, 10.0, 45,'2025-11-28 08:28:49.000000');


INSERT INTO usuarios (`id`,`apellido`,`email`,`nombre`,`password`,`telefono`,`rol_id`,`latitud_actual`,`longitud_actual`) VALUES (1,'Pérez','admin@mordisco.com','Admin','$2a$10$q.w4chhllSxhfEk.pSwX.OPunLp1cVyC.uJ1ddf8cOJDRtpqaPX/i','1111111111',1,NULL,NULL);
INSERT INTO usuarios (`id`,`apellido`,`email`,`nombre`,`password`,`telefono`,`rol_id`,`latitud_actual`,`longitud_actual`) VALUES (2,'Alvarez','cliente1@mordisco.com','Juan','$2a$10$6w3FGu7sjm0K9AKWLGgzGOmMs3a.9Tiqmp68QdQtCjNUVrWhSDBN6','3333333331',2,NULL,NULL);
INSERT INTO usuarios (`id`,`apellido`,`email`,`nombre`,`password`,`telefono`,`rol_id`,`latitud_actual`,`longitud_actual`) VALUES (3,'Benítez','cliente2@mordisco.com','Carla','$2a$10$6w3FGu7sjm0K9AKWLGgzGOmMs3a.9Tiqmp68QdQtCjNUVrWhSDBN6','3333333332',2,NULL,NULL);
INSERT INTO usuarios (`id`,`apellido`,`email`,`nombre`,`password`,`telefono`,`rol_id`,`latitud_actual`,`longitud_actual`) VALUES (4,'Cabrera','cliente3@mordisco.com','Pedro','$2a$10$6w3FGu7sjm0K9AKWLGgzGOmMs3a.9Tiqmp68QdQtCjNUVrWhSDBN6','3333333333',2,NULL,NULL);
INSERT INTO usuarios (`id`,`apellido`,`email`,`nombre`,`password`,`telefono`,`rol_id`,`latitud_actual`,`longitud_actual`) VALUES (5,'Castro','cliente4@mordisco.com','Ana','$2a$10$6w3FGuusuariosrolespromociones7sjm0K9AKWLGgzGOmMs3a.9Tiqmp68QdQtCjNUVrWhSDBN6','3333333334',2,NULL,NULL);
INSERT INTO usuarios (`id`,`apellido`,`email`,`nombre`,`password`,`telefono`,`rol_id`,`latitud_actual`,`longitud_actual`) VALUES (6,'González','cliente5@mordisco.com','Martín','$2a$10$6w3FGu7sjm0K9AKWLGgzGOmMs3a.9Tiqmp68QdQtCjNUVrWhSDBN6','3333333335',2,NULL,NULL);
INSERT INTO usuarios (`id`,`apellido`,`email`,`nombre`,`password`,`telefono`,`rol_id`,`latitud_actual`,`longitud_actual`) VALUES (7,'Herrera','cliente6@mordisco.com','Sandra','$2a$10$6w3FGu7sjm0K9AKWLGgzGOmMs3a.9Tiqmp68QdQtCjNUVrWhSDBN6','3333333336',2,NULL,NULL);
INSERT INTO usuarios (`id`,`apellido`,`email`,`nombre`,`password`,`telefono`,`rol_id`,`latitud_actual`,`longitud_actual`) VALUES (8,'Jiménez','cliente7@mordisco.com','Luis','$2a$10$6w3FGu7sjm0K9AKWLGgzGOmMs3a.9Tiqmp68QdQtCjNUVrWhSDBN6','3333333337',2,NULL,NULL);
INSERT INTO usuarios (`id`,`apellido`,`email`,`nombre`,`password`,`telefono`,`rol_id`,`latitud_actual`,`longitud_actual`) VALUES (9,'Luna','cliente8@mordisco.com','Patricia','$2a$10$6w3FGu7sjm0K9AKWLGgzGOmMs3a.9Tiqmp68QdQtCjNUVrWhSDBN6','3333333338',2,NULL,NULL);
INSERT INTO usuarios (`id`,`apellido`,`email`,`nombre`,`password`,`telefono`,`rol_id`,`latitud_actual`,`longitud_actual`) VALUES (10,'Martínez','cliente9@mordisco.com','Tomás','$2a$10$6w3FGu7sjm0K9AKWLGgzGOmMs3a.9Tiqmp68QdQtCjNUVrWhSDBN6','3333333339',2,NULL,NULL);
INSERT INTO usuarios (`id`,`apellido`,`email`,`nombre`,`password`,`telefono`,`rol_id`,`latitud_actual`,`longitud_actual`) VALUES (11,'Moreno','cliente10@mordisco.com','Ricardo','$2a$10$6w3FGu7sjm0K9AKWLGgzGOmMs3a.9Tiqmp68QdQtCjNUVrWhSDBN6','3333333340',2,NULL,NULL);
INSERT INTO usuarios (`id`,`apellido`,`email`,`nombre`,`password`,`telefono`,`rol_id`,`latitud_actual`,`longitud_actual`) VALUES (12,'Navarro','cliente11@mordisco.com','Marta','$2a$10$6w3FGu7sjm0K9AKWLGgzGOmMs3a.9Tiqmp68QdQtCjNUVrWhSDBN6','3333333341',2,NULL,NULL);
INSERT INTO usuarios (`id`,`apellido`,`email`,`nombre`,`password`,`telefono`,`rol_id`,`latitud_actual`,`longitud_actual`) VALUES (13,'Oliva','cliente12@mordisco.com','Raúl','$2a$10$6w3FGu7sjm0K9AKWLGgzGOmMs3a.9Tiqmp68QdQtCjNUVrWhSDBN6','3333333342',2,NULL,NULL);
INSERT INTO usuarios (`id`,`apellido`,`email`,`nombre`,`password`,`telefono`,`rol_id`,`latitud_actual`,`longitud_actual`) VALUES (14,'Pérez','cliente13@mordisco.com','José','$2a$10$6w3FGu7sjm0K9AKWLGgzGOmMs3a.9Tiqmp68QdQtCjNUVrWhSDBN6','3333333343',2,NULL,NULL);
INSERT INTO usuarios (`id`,`apellido`,`email`,`nombre`,`password`,`telefono`,`rol_id`,`latitud_actual`,`longitud_actual`) VALUES (15,'Ramírez','cliente14@mordisco.com','Verónica','$2a$10$6w3FGu7sjm0K9AKWLGgzGOmMs3a.9Tiqmp68QdQtCjNUVrWhSDBN6','3333333344',2,NULL,NULL);
INSERT INTO usuarios (`id`,`apellido`,`email`,`nombre`,`password`,`telefono`,`rol_id`,`latitud_actual`,`longitud_actual`) VALUES (16,'Ríos','cliente15@mordisco.com','Estela','$2a$10$6w3FGu7sjm0K9AKWLGgzGOmMs3a.9Tiqmp68QdQtCjNUVrWhSDBN6','3333333345',2,NULL,NULL);
INSERT INTO usuarios (`id`,`apellido`,`email`,`nombre`,`password`,`telefono`,`rol_id`,`latitud_actual`,`longitud_actual`) VALUES (17,'Rodríguez','cliente16@mordisco.com','Antonio','$2a$10$6w3FGu7sjm0K9AKWLGgzGOmMs3a.9Tiqmp68QdQtCjNUVrWhSDBN6','3333333346',2,NULL,NULL);
INSERT INTO usuarios (`id`,`apellido`,`email`,`nombre`,`password`,`telefono`,`rol_id`,`latitud_actual`,`longitud_actual`) VALUES (18,'Sánchez','cliente17@mordisco.com','Elena','$2a$10$6w3FGu7sjm0K9AKWLGgzGOmMs3a.9Tiqmp68QdQtCjNUVrWhSDBN6','3333333347',2,NULL,NULL);
INSERT INTO usuarios (`id`,`apellido`,`email`,`nombre`,`password`,`telefono`,`rol_id`,`latitud_actual`,`longitud_actual`) VALUES (19,'Torres','cliente18@mordisco.com','Diego','$2a$10$6w3FGu7sjm0K9AKWLGgzGOmMs3a.9Tiqmp68QdQtCjNUVrWhSDBN6','3333333348',2,NULL,NULL);
INSERT INTO usuarios (`id`,`apellido`,`email`,`nombre`,`password`,`telefono`,`rol_id`,`latitud_actual`,`longitud_actual`) VALUES (20,'Vargas','cliente19@mordisco.com','Joaquín','$2a$10$6w3FGu7sjm0K9AKWLGgzGOmMs3a.9Tiqmp68QdQtCjNUVrWhSDBN6','3333333349',2,NULL,NULL);
INSERT INTO usuarios (`id`,`apellido`,`email`,`nombre`,`password`,`telefono`,`rol_id`,`latitud_actual`,`longitud_actual`) VALUES (21,'Álvarez','cliente20@mordisco.com','Sofía','$2a$10$6w3FGu7sjm0K9AKWLGgzGOmMs3a.9Tiqmp68QdQtCjNUVrWhSDBN6','3333333350',2,NULL,NULL);
INSERT INTO usuarios (`id`,`apellido`,`email`,`nombre`,`password`,`telefono`,`rol_id`,`latitud_actual`,`longitud_actual`) VALUES (22,'Bravo','cliente21@mordisco.com','Gabriela','$2a$10$6w3FGu7sjm0K9AKWLGgzGOmMs3a.9Tiqmp68QdQtCjNUVrWhSDBN6','3333333351',2,NULL,NULL);
INSERT INTO usuarios (`id`,`apellido`,`email`,`nombre`,`password`,`telefono`,`rol_id`,`latitud_actual`,`longitud_actual`) VALUES (23,'Cano','cliente22@mordisco.com','Felipe','$2a$10$6w3FGu7sjm0K9AKWLGgzGOmMs3a.9Tiqmp68QdQtCjNUVrWhSDBN6','3333333352',2,NULL,NULL);
INSERT INTO usuarios (`id`,`apellido`,`email`,`nombre`,`password`,`telefono`,`rol_id`,`latitud_actual`,`longitud_actual`) VALUES (24,'Castillo','cliente23@mordisco.com','Luisana','$2a$10$6w3FGu7sjm0K9AKWLGgzGOmMs3a.9Tiqmp68QdQtCjNUVrWhSDBN6','3333333353',2,NULL,NULL);
INSERT INTO usuarios (`id`,`apellido`,`email`,`nombre`,`password`,`telefono`,`rol_id`,`latitud_actual`,`longitud_actual`) VALUES (25,'Domínguez','cliente24@mordisco.com','Pablo','$2a$10$6w3FGu7sjm0K9AKWLGgzGOmMs3a.9Tiqmp68QdQtCjNUVrWhSDBN6','3333333354',2,NULL,NULL);
INSERT INTO usuarios (`id`,`apellido`,`email`,`nombre`,`password`,`telefono`,`rol_id`,`latitud_actual`,`longitud_actual`) VALUES (26,'Gómez','cliente25@mordisco.com','Nicolás','$2a$10$6w3FGu7sjm0K9AKWLGgzGOmMs3a.9Tiqmp68QdQtCjNUVrWhSDBN6','3333333355',2,NULL,NULL);
INSERT INTO usuarios (`id`,`apellido`,`email`,`nombre`,`password`,`telefono`,`rol_id`,`latitud_actual`,`longitud_actual`) VALUES (27,'Gutiérrez','cliente26@mordisco.com','Marina','$2a$10$6w3FGu7sjm0K9AKWLGgzGOmMs3a.9Tiqmp68QdQtCjNUVrWhSDBN6','3333333356',2,NULL,NULL);
INSERT INTO usuarios (`id`,`apellido`,`email`,`nombre`,`password`,`telefono`,`rol_id`,`latitud_actual`,`longitud_actual`) VALUES (28,'López','cliente27@mordisco.com','Andrés','$2a$10$6w3FGu7sjm0K9AKWLGgzGOmMs3a.9Tiqmp68QdQtCjNUVrWhSDBN6','3333333357',2,NULL,NULL);
INSERT INTO usuarios (`id`,`apellido`,`email`,`nombre`,`password`,`telefono`,`rol_id`,`latitud_actual`,`longitud_actual`) VALUES (29,'Méndez','cliente28@mordisco.com','Juanita','$2a$10$6w3FGu7sjm0K9AKWLGgzGOmMs3a.9Tiqmp68QdQtCjNUVrWhSDBN6','3333333358',2,NULL,NULL);
INSERT INTO usuarios (`id`,`apellido`,`email`,`nombre`,`password`,`telefono`,`rol_id`,`latitud_actual`,`longitud_actual`) VALUES (30,'Paredes','cliente29@mordisco.com','Ricardo','$2a$10$6w3FGu7sjm0K9AKWLGgzGOmMs3a.9Tiqmp68QdQtCjNUVrWhSDBN6','3333333359',2,NULL,NULL);
INSERT INTO usuarios (`id`,`apellido`,`email`,`nombre`,`password`,`telefono`,`rol_id`,`latitud_actual`,`longitud_actual`) VALUES (31,'Suárez','cliente30@mordisco.com','Patricio','$2a$10$6w3FGu7sjm0K9AKWLGgzGOmMs3a.9Tiqmp68QdQtCjNUVrWhSDBN6','3333333360',2,NULL,NULL);
INSERT INTO usuarios (`id`,`apellido`,`email`,`nombre`,`password`,`telefono`,`rol_id`,`latitud_actual`,`longitud_actual`) VALUES (32,'Paredes','dueno1@mordisco.com','Andrés','$2a$10$6w3FGu7sjm0K9AKWLGgzGOmMs3a.9Tiqmp68QdQtCjNUVrWhSDBN6','3333333316',3,NULL,NULL);
INSERT INTO usuarios (`id`,`apellido`,`email`,`nombre`,`password`,`telefono`,`rol_id`,`latitud_actual`,`longitud_actual`) VALUES (33,'Quintero','dueno2@mordisco.com','Elena','$2a$10$6w3FGu7sjm0K9AKWLGgzGOmMs3a.9Tiqmp68QdQtCjNUVrWhSDBN6','3333333317',3,NULL,NULL);
INSERT INTO usuarios (`id`,`apellido`,`email`,`nombre`,`password`,`telefono`,`rol_id`,`latitud_actual`,`longitud_actual`) VALUES (34,'Ramos','dueno3@mordisco.com','Esteban','$2a$10$6w3FGu7sjm0K9AKWLGgzGOmMs3a.9Tiqmp68QdQtCjNUVrWhSDBN6','3333333318',3,NULL,NULL);
INSERT INTO usuarios (`id`,`apellido`,`email`,`nombre`,`password`,`telefono`,`rol_id`,`latitud_actual`,`longitud_actual`) VALUES (35,'Sánchez','dueno4@mordisco.com','Gabriela','$2a$10$6w3FGu7sjm0K9AKWLGgzGOmMs3a.9Tiqmp68QdQtCjNUVrWhSDBN6','3333333319',3,NULL,NULL);
INSERT INTO usuarios (`id`,`apellido`,`email`,`nombre`,`password`,`telefono`,`rol_id`,`latitud_actual`,`longitud_actual`) VALUES (36,'Torres','dueno5@mordisco.com','Hugo','$2a$10$6w3FGu7sjm0K9AKWLGgzGOmMs3a.9Tiqmp68QdQtCjNUVrWhSDBN6','3333333320',3,NULL,NULL);
INSERT INTO usuarios (`id`,`apellido`,`email`,`nombre`,`password`,`telefono`,`rol_id`,`latitud_actual`,`longitud_actual`) VALUES (37,'Urbina','dueno6@mordisco.com','Isabel','$2a$10$6w3FGu7sjm0K9AKWLGgzGOmMs3a.9Tiqmp68QdQtCjNUVrWhSDBN6','3333333321',3,NULL,NULL);
INSERT INTO usuarios (`id`,`apellido`,`email`,`nombre`,`password`,`telefono`,`rol_id`,`latitud_actual`,`longitud_actual`) VALUES (38,'Valdez','dueno7@mordisco.com','Javier','$2a$10$6w3FGu7sjm0K9AKWLGgzGOmMs3a.9Tiqmp68QdQtCjNUVrWhSDBN6','3333333322',3,NULL,NULL);
INSERT INTO usuarios (`id`,`apellido`,`email`,`nombre`,`password`,`telefono`,`rol_id`,`latitud_actual`,`longitud_actual`) VALUES (39,'Vega','dueno8@mordisco.com','Laura','$2a$10$6w3FGu7sjm0K9AKWLGgzGOmMs3a.9Tiqmp68QdQtCjNUVrWhSDBN6','3333333323',3,NULL,NULL);
INSERT INTO usuarios (`id`,`apellido`,`email`,`nombre`,`password`,`telefono`,`rol_id`,`latitud_actual`,`longitud_actual`) VALUES (40,'Zapata','dueno9@mordisco.com','Marcos','$2a$10$6w3FGu7sjm0K9AKWLGgzGOmMs3a.9Tiqmp68QdQtCjNUVrWhSDBN6','3333333324',3,NULL,NULL);
INSERT INTO usuarios (`id`,`apellido`,`email`,`nombre`,`password`,`telefono`,`rol_id`,`latitud_actual`,`longitud_actual`) VALUES (41,'Acosta','dueno10@mordisco.com','Natalia','$2a$10$6w3FGu7sjm0K9AKWLGgzGOmMs3a.9Tiqmp68QdQtCjNUVrWhSDBN6','3333333325',3,NULL,NULL);
INSERT INTO usuarios (`id`,`apellido`,`email`,`nombre`,`password`,`telefono`,`rol_id`,`latitud_actual`,`longitud_actual`) VALUES (42,'Blanco','dueno11@mordisco.com','Oscar','$2a$10$6w3FGu7sjm0K9AKWLGgzGOmMs3a.9Tiqmp68QdQtCjNUVrWhSDBN6','3333333326',3,NULL,NULL);
INSERT INTO usuarios (`id`,`apellido`,`email`,`nombre`,`password`,`telefono`,`rol_id`,`latitud_actual`,`longitud_actual`) VALUES (43,'Campos','dueno12@mordisco.com','Paula','$2a$10$6w3FGu7sjm0K9AKWLGgzGOmMs3a.9Tiqmp68QdQtCjNUVrWhSDBN6','3333333327',3,NULL,NULL);
INSERT INTO usuarios (`id`,`apellido`,`email`,`nombre`,`password`,`telefono`,`rol_id`,`latitud_actual`,`longitud_actual`) VALUES (44,'Díaz','dueno13@mordisco.com','Ricardo','$2a$10$6w3FGu7sjm0K9AKWLGgzGOmMs3a.9Tiqmp68QdQtCjNUVrWhSDBN6','3333333328',3,NULL,NULL);
INSERT INTO usuarios (`id`,`apellido`,`email`,`nombre`,`password`,`telefono`,`rol_id`,`latitud_actual`,`longitud_actual`) VALUES (45,'Estévez','dueno14@mordisco.com','Sofía','$2a$10$6w3FGu7sjm0K9AKWLGgzGOmMs3a.9Tiqmp68QdQtCjNUVrWhSDBN6','3333333329',3,NULL,NULL);
INSERT INTO usuarios (`id`,`apellido`,`email`,`nombre`,`password`,`telefono`,`rol_id`,`latitud_actual`,`longitud_actual`) VALUES (46,'Flores','dueno15@mordisco.com','Tomás','$2a$10$6w3FGu7sjm0K9AKWLGgzGOmMs3a.9Tiqmp68QdQtCjNUVrWhSDBN6','3333333330',3,NULL,NULL);
INSERT INTO usuarios (`id`,`apellido`,`email`,`nombre`,`password`,`telefono`,`rol_id`,`latitud_actual`,`longitud_actual`) VALUES (47,'Mandes','micaelamandes9@gmail.com','Micaela','$2a$10$DAHyE014bAxSgRMWnxu5Ye2ZNSqR7upTVu2GfDxHETHWJ0gw08yPS','2235010868',1,NULL,NULL);
INSERT INTO usuarios (`id`,`apellido`,`email`,`nombre`,`password`,`telefono`,`rol_id`,`latitud_actual`,`longitud_actual`) VALUES (48,'m','mica@gmail.com','m','$2a$10$heVGPqg5m5f1GucJ6Rbiy..EyUw2bd6FB5Ymr.GLrS91CcZgo88qu','+5446488',2,NULL,NULL);
INSERT INTO usuarios (`id`,`apellido`,`email`,`nombre`,`password`,`telefono`,`rol_id`,`latitud_actual`,`longitud_actual`) VALUES (49,'mandes','mel@gmail.com','melisa','$2a$10$KBj0Yj6LpYZlwWzw591.mOL1oP3LTuDnVtWVnoTvuERY1V3aIKKSC','+5492237860147',3,NULL,NULL);
INSERT INTO usuarios (`id`,`apellido`,`email`,`nombre`,`password`,`telefono`,`rol_id`,`latitud_actual`,`longitud_actual`) VALUES (50,'mandes','meli@gmail.com','melisa','$2a$10$KBj0Yj6LpYZlwWzw591.mOL1oP3LTuDnVtWVnoTvuERY1V3aIKKSC','+5492237860141',4,NULL,NULL);





INSERT INTO direcciones (`id`,`calle`,`ciudad`,`codigo_postal`,`depto`,`latitud`,`longitud`,`numero`,`piso`,`referencias`,`usuario_id`) VALUES (1,'Av. Independencia','Mar del Plata','7600',NULL,-38.0032,-57.5521,'567',NULL,'Esquina con Rivadavia',2);
INSERT INTO direcciones (`id`,`calle`,`ciudad`,`codigo_postal`,`depto`,`latitud`,`longitud`,`numero`,`piso`,`referencias`,`usuario_id`) VALUES (2,'Calle 12','Buenos Aires','1406','A',-34.6037,-58.3816,'245','5','Cerca del parque',3);
INSERT INTO direcciones (`id`,`calle`,`ciudad`,`codigo_postal`,`depto`,`latitud`,`longitud`,`numero`,`piso`,`referencias`,`usuario_id`) VALUES (3,'Calle 45','La Plata','1900',NULL,-34.9205,-57.9536,'789',NULL,'Al lado de la estación',4);
INSERT INTO direcciones (`id`,`calle`,`ciudad`,`codigo_postal`,`depto`,`latitud`,`longitud`,`numero`,`piso`,`referencias`,`usuario_id`) VALUES (4,'Boulevard Oroño','Rosario','2000','12',-32.9468,-60.6393,'1122','1','Frente al supermercado',5);
INSERT INTO direcciones (`id`,`calle`,`ciudad`,`codigo_postal`,`depto`,`latitud`,`longitud`,`numero`,`piso`,`referencias`,`usuario_id`) VALUES (5,'Calle San Martín','Córdoba','5000',NULL,-31.4201,-64.1888,'334',NULL,'Próximo al hospital',6);
INSERT INTO direcciones (`id`,`calle`,`ciudad`,`codigo_postal`,`depto`,`latitud`,`longitud`,`numero`,`piso`,`referencias`,`usuario_id`) VALUES (6,'Avenida Rivadavia','Buenos Aires','1033','4',-34.6118,-58.4173,'678','2','Edificio moderno',7);
INSERT INTO direcciones (`id`,`calle`,`ciudad`,`codigo_postal`,`depto`,`latitud`,`longitud`,`numero`,`piso`,`referencias`,`usuario_id`) VALUES (7,'Pasaje Güemes','Mendoza','5500',NULL,-32.8908,-68.8272,'987',NULL,'Zona tranquila',8);
INSERT INTO direcciones (`id`,`calle`,`ciudad`,`codigo_postal`,`depto`,`latitud`,`longitud`,`numero`,`piso`,`referencias`,`usuario_id`) VALUES (8,'Calle Bolívar','Salta','4400','7',-24.7821,-65.4232,'456','7','Cerca del museo',9);
INSERT INTO direcciones (`id`,`calle`,`ciudad`,`codigo_postal`,`depto`,`latitud`,`longitud`,`numero`,`piso`,`referencias`,`usuario_id`) VALUES (9,'Calle Mitre','Santa Fe','3000',NULL,-31.6333,-60.7,'321',NULL,'Vista al río',10);
INSERT INTO direcciones (`id`,`calle`,`ciudad`,`codigo_postal`,`depto`,`latitud`,`longitud`,`numero`,`piso`,`referencias`,`usuario_id`) VALUES (10,'Avenida Libertad','Tucumán','4000','3',-26.8083,-65.2176,'159','5','Zona comercial',11);
INSERT INTO direcciones (`id`,`calle`,`ciudad`,`codigo_postal`,`depto`,`latitud`,`longitud`,`numero`,`piso`,`referencias`,`usuario_id`) VALUES (11,'Calle Roca','Neuquén','8300',NULL,-38.9517,-68.0597,'753',NULL,'Frente al colegio',12);
INSERT INTO direcciones (`id`,`calle`,`ciudad`,`codigo_postal`,`depto`,`latitud`,`longitud`,`numero`,`piso`,`referencias`,`usuario_id`) VALUES (12,'Avenida Corrientes','Buenos Aires','1043','11',-34.6158,-58.437,'842','8','Cerca del teatro',13);
INSERT INTO direcciones (`id`,`calle`,`ciudad`,`codigo_postal`,`depto`,`latitud`,`longitud`,`numero`,`piso`,`referencias`,`usuario_id`) VALUES (13,'Calle Sarmiento','Mar del Plata','7600',NULL,-38.0078,-57.5445,'215',NULL,'Zona céntrica',14);
INSERT INTO direcciones (`id`,`calle`,`ciudad`,`codigo_postal`,`depto`,`latitud`,`longitud`,`numero`,`piso`,`referencias`,`usuario_id`) VALUES (14,'Avenida San Juan','San Juan','5400','5',-31.5375,-68.5364,'174','4','Cerca del centro',15);
INSERT INTO direcciones (`id`,`calle`,`ciudad`,`codigo_postal`,`depto`,`latitud`,`longitud`,`numero`,`piso`,`referencias`,`usuario_id`) VALUES (15,'Calle Moreno','Resistencia','3500',NULL,-27.4517,-59.0317,'653',NULL,'Edificio antiguo',16);
INSERT INTO direcciones (`id`,`calle`,`ciudad`,`codigo_postal`,`depto`,`latitud`,`longitud`,`numero`,`piso`,`referencias`,`usuario_id`) VALUES (16,'Boulevard Gálvez','Santa Fe','3000','2',-31.6327,-60.7001,'924','9','Zona residencial',17);
INSERT INTO direcciones (`id`,`calle`,`ciudad`,`codigo_postal`,`depto`,`latitud`,`longitud`,`numero`,`piso`,`referencias`,`usuario_id`) VALUES (17,'Calle Córdoba','Córdoba','5000',NULL,-31.4167,-64.1833,'801',NULL,'Frente al parque',18);
INSERT INTO direcciones (`id`,`calle`,`ciudad`,`codigo_postal`,`depto`,`latitud`,`longitud`,`numero`,`piso`,`referencias`,`usuario_id`) VALUES (18,'Avenida Pellegrini','Rosario','2000','10',-32.9465,-60.6398,'482','1','Zona universitaria',19);
INSERT INTO direcciones (`id`,`calle`,`ciudad`,`codigo_postal`,`depto`,`latitud`,`longitud`,`numero`,`piso`,`referencias`,`usuario_id`) VALUES (19,'Calle San Luis','Mendoza','5500',NULL,-32.8899,-68.8287,'315',NULL,'Frente a la plaza',20);
INSERT INTO direcciones (`id`,`calle`,`ciudad`,`codigo_postal`,`depto`,`latitud`,`longitud`,`numero`,`piso`,`referencias`,`usuario_id`) VALUES (20,'Avenida Belgrano','La Plata','1900','1',-34.9211,-57.9543,'129','3','Zona histórica',21);
INSERT INTO direcciones (`id`,`calle`,`ciudad`,`codigo_postal`,`depto`,`latitud`,`longitud`,`numero`,`piso`,`referencias`,`usuario_id`) VALUES (21,'Calle España','Salta','4400',NULL,-24.7825,-65.4235,'464',NULL,'Cerca de la catedral',22);
INSERT INTO direcciones (`id`,`calle`,`ciudad`,`codigo_postal`,`depto`,`latitud`,`longitud`,`numero`,`piso`,`referencias`,`usuario_id`) VALUES (22,'Avenida Uruguay','Buenos Aires','1406','6',-34.6045,-58.3792,'536','2','Zona comercial',23);
INSERT INTO direcciones (`id`,`calle`,`ciudad`,`codigo_postal`,`depto`,`latitud`,`longitud`,`numero`,`piso`,`referencias`,`usuario_id`) VALUES (23,'Pasaje Mendoza','Tucumán','4000',NULL,-26.8079,-65.2183,'418',NULL,'Edificio nuevo',24);
INSERT INTO direcciones (`id`,`calle`,`ciudad`,`codigo_postal`,`depto`,`latitud`,`longitud`,`numero`,`piso`,`referencias`,`usuario_id`) VALUES (24,'Calle 9 de Julio','Resistencia','3500','8',-27.4515,-59.0319,'722','7','Cerca de la plaza',25);
INSERT INTO direcciones (`id`,`calle`,`ciudad`,`codigo_postal`,`depto`,`latitud`,`longitud`,`numero`,`piso`,`referencias`,`usuario_id`) VALUES (25,'Av. Colón','Mar del Plata','7600',NULL,-38.0055,-57.5426,'235',NULL,NULL,26);
INSERT INTO direcciones (`id`,`calle`,`ciudad`,`codigo_postal`,`depto`,`latitud`,`longitud`,`numero`,`piso`,`referencias`,`usuario_id`) VALUES (26,'Av. Independencia','Mar del Plata','7600','D',-38.0055,-57.5426,'8455','8','Porton rojo',27);
INSERT INTO direcciones (`id`,`calle`,`ciudad`,`codigo_postal`,`depto`,`latitud`,`longitud`,`numero`,`piso`,`referencias`,`usuario_id`) VALUES (27,'Av. 9 de Julio','Buenos Aires','1406',NULL,-38.0055,-57.5426,'774',NULL,NULL,28);
INSERT INTO direcciones (`id`,`calle`,`ciudad`,`codigo_postal`,`depto`,`latitud`,`longitud`,`numero`,`piso`,`referencias`,`usuario_id`) VALUES (28,'Jujuy','Mar del Plata','7600',NULL,-38.0055,-57.5426,'2130',NULL,NULL,29);
INSERT INTO direcciones (`id`,`calle`,`ciudad`,`codigo_postal`,`depto`,`latitud`,`longitud`,`numero`,`piso`,`referencias`,`usuario_id`) VALUES (29,'Mendoza','Resistencia','3500','A',-38.0055,-57.5426,'134','1',NULL,30);
INSERT INTO direcciones (`id`,`calle`,`ciudad`,`codigo_postal`,`depto`,`latitud`,`longitud`,`numero`,`piso`,`referencias`,`usuario_id`) VALUES (30,'Av. Jorge Newbery','Mar del Plata','7600','52',-38.0055,-57.5426,'5005','Tilos','Barrio Rumenco',31);
INSERT INTO direcciones (`id`,`calle`,`ciudad`,`codigo_postal`,`depto`,`latitud`,`longitud`,`numero`,`piso`,`referencias`,`usuario_id`) VALUES (31,'San Juan','Mar del Plata','7600',NULL,-38.0055,-57.5426,'628',NULL,'Rejas Verdes',32);
INSERT INTO direcciones (`id`,`calle`,`ciudad`,`codigo_postal`,`depto`,`latitud`,`longitud`,`numero`,`piso`,`referencias`,`usuario_id`) VALUES (32,'Mitre','Mar del Plata','7600','C',-38.0055,-57.5426,'888',NULL,NULL,33);
INSERT INTO direcciones (`id`,`calle`,`ciudad`,`codigo_postal`,`depto`,`latitud`,`longitud`,`numero`,`piso`,`referencias`,`usuario_id`) VALUES (33,'Catamarca','Resistencia','3500','B',-38.0055,-57.5426,'3951','10',NULL,34);
INSERT INTO direcciones (`id`,`calle`,`ciudad`,`codigo_postal`,`depto`,`latitud`,`longitud`,`numero`,`piso`,`referencias`,`usuario_id`) VALUES (34,'Av. Paso','Mar del Plata','7600',NULL,-38.0055,-57.5426,'3575','1',NULL,35);
INSERT INTO direcciones (`id`,`calle`,`ciudad`,`codigo_postal`,`depto`,`latitud`,`longitud`,`numero`,`piso`,`referencias`,`usuario_id`) VALUES (35,'Guemes','Salta','4400','A',-38.0055,-57.5426,'57','7','Edificio frente al banco',36);
INSERT INTO direcciones (`id`,`calle`,`ciudad`,`codigo_postal`,`depto`,`latitud`,`longitud`,`numero`,`piso`,`referencias`,`usuario_id`) VALUES (36,'Olazabal','Mar del Plata','7600',NULL,-38.0055,-57.5426,'689',NULL,NULL,37);
INSERT INTO direcciones (`id`,`calle`,`ciudad`,`codigo_postal`,`depto`,`latitud`,`longitud`,`numero`,`piso`,`referencias`,`usuario_id`) VALUES (37,'Alem','Salta','4400','B',-38.0055,-57.5426,'2588','3','Edificio Dumbledore',38);
INSERT INTO direcciones (`id`,`calle`,`ciudad`,`codigo_postal`,`depto`,`latitud`,`longitud`,`numero`,`piso`,`referencias`,`usuario_id`) VALUES (38,'Tucuman','Mar del Plata','7600',NULL,-38.0055,-57.5426,'9996',NULL,NULL,39);
INSERT INTO direcciones (`id`,`calle`,`ciudad`,`codigo_postal`,`depto`,`latitud`,`longitud`,`numero`,`piso`,`referencias`,`usuario_id`) VALUES (39,'La Rioja','Mar del Plata','7600',NULL,-38.0055,-57.5426,'667',NULL,'Rejas negras',40);
INSERT INTO direcciones (`id`,`calle`,`ciudad`,`codigo_postal`,`depto`,`latitud`,`longitud`,`numero`,`piso`,`referencias`,`usuario_id`) VALUES (40,'Chaco','Mar del Plata','7600','C',-38.0055,-57.5426,'124',NULL,NULL,41);
INSERT INTO direcciones (`id`,`calle`,`ciudad`,`codigo_postal`,`depto`,`latitud`,`longitud`,`numero`,`piso`,`referencias`,`usuario_id`) VALUES (41,'12 de Octubre','Salta','4400',NULL,-38.0055,-57.5426,'8100','8',NULL,42);
INSERT INTO direcciones (`id`,`calle`,`ciudad`,`codigo_postal`,`depto`,`latitud`,`longitud`,`numero`,`piso`,`referencias`,`usuario_id`) VALUES (42,'Av. Libertad','Mar del Plata','7600',NULL,-38.0055,-57.5426,'901',NULL,NULL,43);
INSERT INTO direcciones (`id`,`calle`,`ciudad`,`codigo_postal`,`depto`,`latitud`,`longitud`,`numero`,`piso`,`referencias`,`usuario_id`) VALUES (43,'Cordoba','Mar del Plata','7600',NULL,-38.0055,-57.5426,'7833',NULL,NULL,44);
INSERT INTO direcciones (`id`,`calle`,`ciudad`,`codigo_postal`,`depto`,`latitud`,`longitud`,`numero`,`piso`,`referencias`,`usuario_id`) VALUES (44,'Av. Mar del Plata','Mendoza','5500',NULL,-38.0055,-57.5426,'1100',NULL,NULL,45);
INSERT INTO direcciones (`id`,`calle`,`ciudad`,`codigo_postal`,`depto`,`latitud`,`longitud`,`numero`,`piso`,`referencias`,`usuario_id`) VALUES (45,'Italia','Mendoza','5500',NULL,-38.0055,-57.5426,'1414',NULL,NULL,46);
INSERT INTO direcciones (`id`,`calle`,`ciudad`,`codigo_postal`,`depto`,`latitud`,`longitud`,`numero`,`piso`,`referencias`,`usuario_id`) VALUES (46,'Maipu','Mar del plata','7600','',595,6952,'5570','','',47);
INSERT INTO direcciones (`id`,`calle`,`ciudad`,`codigo_postal`,`depto`,`latitud`,`longitud`,`numero`,`piso`,`referencias`,`usuario_id`) VALUES (47,'Maipu','Mar del plata','7600',NULL,-37.9776593,-57.5714547,'5570',NULL,NULL,48);
INSERT INTO direcciones (`id`,`calle`,`ciudad`,`codigo_postal`,`depto`,`latitud`,`longitud`,`numero`,`piso`,`referencias`,`usuario_id`) VALUES (48,'Chacabuco','Mar del plata','7600','A',-37.9775982,-57.5698148,'5460','2','Casa rejas bajas',48);
INSERT INTO direcciones (`id`,`calle`,`ciudad`,`codigo_postal`,`depto`,`latitud`,`longitud`,`numero`,`piso`,`referencias`,`usuario_id`) VALUES (49,'Alice','Mar del plata','7600',NULL,-37.9532668,-37.9532668,'5870',NULL,NULL,48);
INSERT INTO direcciones (`id`,`calle`,`ciudad`,`codigo_postal`,`depto`,`latitud`,`longitud`,`numero`,`piso`,`referencias`,`usuario_id`) VALUES (50,'Libertad','Mar del plata','7600',NULL,-37.9532668,-37.9532668,'8666',NULL,NULL,49);
INSERT INTO direcciones (`id`,`calle`,`ciudad`,`codigo_postal`,`depto`,`latitud`,`longitud`,`numero`,`piso`,`referencias`,`usuario_id`) VALUES (51,'Libertad','Mar del plata','7607',NULL,-37.9586896,-57.6048671,'4366',NULL,NULL,48);


INSERT INTO imagenes (`id`,`nombre`,`url`) VALUES (1,'Hamburguesa Clásica','https://cdn.example.com/img/hamburguesa_clasica.png');
INSERT INTO imagenes (`id`,`nombre`,`url`) VALUES (2,'Pizza Margherita','https://cdn.example.com/img/pizza_margherita.png');
INSERT INTO imagenes (`id`,`nombre`,`url`) VALUES (3,'Ensalada César','https://cdn.example.com/img/ensalada_cesar.png');
INSERT INTO imagenes (`id`,`nombre`,`url`) VALUES (4,'Papas Fritas','https://cdn.example.com/img/papas_fritas.png');
INSERT INTO imagenes (`id`,`nombre`,`url`) VALUES (5,'Sushi Variado','https://cdn.example.com/img/sushi_variado.png');
INSERT INTO imagenes (`id`,`nombre`,`url`) VALUES (6,'Tacos al Pastor','https://cdn.example.com/img/tacos_al_pastor.png');
INSERT INTO imagenes (`id`,`nombre`,`url`) VALUES (7,'Lasaña','https://cdn.example.com/img/lasana.png');
INSERT INTO imagenes (`id`,`nombre`,`url`) VALUES (8,'Pasta Bolognesa','https://cdn.example.com/img/pasta_bolognesa.png');
INSERT INTO imagenes (`id`,`nombre`,`url`) VALUES (9,'Croquetas de Pollo','https://cdn.example.com/img/croquetas_pollo.png');
INSERT INTO imagenes (`id`,`nombre`,`url`) VALUES (10,'Bocadillo de Jamón y Queso','https://cdn.example.com/img/bocadillo.png');
INSERT INTO imagenes (`id`,`nombre`,`url`) VALUES (11,'Hot Dog','https://cdn.example.com/img/hot_dog.png');
INSERT INTO imagenes (`id`,`nombre`,`url`) VALUES (12,'Pechuga de Pollo a la Parrilla','https://cdn.example.com/img/pechuga_pollo.png');
INSERT INTO imagenes (`id`,`nombre`,`url`) VALUES (13,'Risotto de Champiñones','https://cdn.example.com/img/risotto_champinones.png');
INSERT INTO imagenes (`id`,`nombre`,`url`) VALUES (14,'Ramen','https://cdn.example.com/img/ramen.png');
INSERT INTO imagenes (`id`,`nombre`,`url`) VALUES (15,'Tarta de Espinaca y Queso','https://cdn.example.com/img/tarta_espinaca.png');
INSERT INTO imagenes (`id`,`nombre`,`url`) VALUES (16,'Sopa de Tomate','https://cdn.example.com/img/sopa_tomate.png');
INSERT INTO imagenes (`id`,`nombre`,`url`) VALUES (17,'Empanadas de Carne','https://cdn.example.com/img/empanadas_carne.png');
INSERT INTO imagenes (`id`,`nombre`,`url`) VALUES (18,'Churrasco','https://cdn.example.com/img/churrasco.png');
INSERT INTO imagenes (`id`,`nombre`,`url`) VALUES (19,'Ensalada Griega','https://cdn.example.com/img/ensalada_griega.png');
INSERT INTO imagenes (`id`,`nombre`,`url`) VALUES (20,'Tartaleta de Frutas','https://cdn.example.com/img/tartaleta_frutas.png');
INSERT INTO imagenes (`id`,`nombre`,`url`) VALUES (21,'Pizza Pepperoni','https://cdn.example.com/img/pizza_pepperoni.png');
INSERT INTO imagenes (`id`,`nombre`,`url`) VALUES (22,'Tequeños','https://cdn.example.com/img/tequenos.png');
INSERT INTO imagenes (`id`,`nombre`,`url`) VALUES (23,'Pasta Alfredo','https://cdn.example.com/img/pasta_alfredo.png');
INSERT INTO imagenes (`id`,`nombre`,`url`) VALUES (24,'Pollo al Curry','https://cdn.example.com/img/pollo_curry.png');
INSERT INTO imagenes (`id`,`nombre`,`url`) VALUES (25,'Paella de Mariscos','https://cdn.example.com/img/paella_mariscos.png');
INSERT INTO imagenes (`id`,`nombre`,`url`) VALUES (26,'Ceviche','https://cdn.example.com/img/ceviche.png');
INSERT INTO imagenes (`id`,`nombre`,`url`) VALUES (27,'Sopa de Mariscos','https://cdn.example.com/img/sopa_mariscos.png');
INSERT INTO imagenes (`id`,`nombre`,`url`) VALUES (28,'Bife de Chorizo','https://cdn.example.com/img/bife_chorizo.png');
INSERT INTO imagenes (`id`,`nombre`,`url`) VALUES (29,'Ceviche de Camarón','https://cdn.example.com/img/ceviche_camaron.png');
INSERT INTO imagenes (`id`,`nombre`,`url`) VALUES (30,'Pasta Pesto','https://cdn.example.com/img/pasta_pesto.png');
INSERT INTO imagenes (`id`,`nombre`,`url`) VALUES (31,'Gnocchi','https://cdn.example.com/img/gnocchi.png');
INSERT INTO imagenes (`id`,`nombre`,`url`) VALUES (32,'Ensalada de Atún','https://cdn.example.com/img/ensalada_atun.png');
INSERT INTO imagenes (`id`,`nombre`,`url`) VALUES (33,'Arroz Frito','https://cdn.example.com/img/arroz_frito.png');
INSERT INTO imagenes (`id`,`nombre`,`url`) VALUES (34,'Pollo a la Parrilla','https://cdn.example.com/img/pollo_parrilla.png');
INSERT INTO imagenes (`id`,`nombre`,`url`) VALUES (35,'Hamburguesa Vegana','https://cdn.example.com/img/hamburguesa_vegana.png');
INSERT INTO imagenes (`id`,`nombre`,`url`) VALUES (36,'Tacos de Pescado','https://cdn.example.com/img/tacos_pescado.png');
INSERT INTO imagenes (`id`,`nombre`,`url`) VALUES (37,'Milanesa de Pollo','https://cdn.example.com/img/milanesa_pollo.png');
INSERT INTO imagenes (`id`,`nombre`,`url`) VALUES (38,'Tarta de Manzana','https://cdn.example.com/img/tarta_manzana.png');
INSERT INTO imagenes (`id`,`nombre`,`url`) VALUES (39,'Sopa de Lentejas','https://cdn.example.com/img/sopa_lentejas.png');
INSERT INTO imagenes (`id`,`nombre`,`url`) VALUES (40,'Pasta Carbonara','https://cdn.example.com/img/pasta_carbonara.png');
INSERT INTO imagenes (`id`,`nombre`,`url`) VALUES (41,'Ensalada Capresse','https://cdn.example.com/img/ensalada_capresse.png');
INSERT INTO imagenes (`id`,`nombre`,`url`) VALUES (42,'Pizza Hawaiana','https://cdn.example.com/img/pizza_hawaiana.png');
INSERT INTO imagenes (`id`,`nombre`,`url`) VALUES (43,'Pollo Asado','https://cdn.example.com/img/pollo_asado.png');
INSERT INTO imagenes (`id`,`nombre`,`url`) VALUES (44,'Tacos Vegetarianos','https://cdn.example.com/img/tacos_vegetarianos.png');
INSERT INTO imagenes (`id`,`nombre`,`url`) VALUES (45,'Tarta de Queso','https://cdn.example.com/img/tarta_queso.png');
INSERT INTO imagenes (`id`,`nombre`,`url`) VALUES (46,'Restaurante Delicias','https://encrypted-tbn0.gstatic.com/images?q=tbn:ANd9GcQXdoIix9LRlAC7SdLwhLIxowIbdMlNfEFulw&s');
INSERT INTO imagenes (`id`,`nombre`,`url`) VALUES (47,'La Buena Mesa','https://encrypted-tbn0.gstatic.com/images?q=tbn:ANd9GcQQApJ31lA3gf4CW9A7cyKrCZFt586yBdmdIg&s');
INSERT INTO imagenes (`id`,`nombre`,`url`) VALUES (48,'Sabor Natural','https://cdn.example.com/img/resto_nuevo67.png');
INSERT INTO imagenes (`id`,`nombre`,`url`) VALUES (49,'El Rincón Vegano','https://encrypted-tbn0.gstatic.com/images?q=tbn:ANd9GcT2FptVQdBFV-0Gw0dR2IAT8xCaWA_cMj628w&s');
INSERT INTO imagenes (`id`,`nombre`,`url`) VALUES (50,'Casa Tradicional','https://cdn.example.com/img/resto_nuevo69.png');
INSERT INTO imagenes (`id`,`nombre`,`url`) VALUES (51,'Sabores del Mundo','https://encrypted-tbn0.gstatic.com/images?q=tbn:ANd9GcSqk4VrW5v6wrL64fLm953xk_7-iHL3JiC5cg&s');
INSERT INTO imagenes (`id`,`nombre`,`url`) VALUES (52,'Cocina Urbana','https://cdn.example.com/img/resto_nuevo71.png');
INSERT INTO imagenes (`id`,`nombre`,`url`) VALUES (53,'La Esquina Feliz','https://cdn.example.com/img/resto_nuevo72.png');
INSERT INTO imagenes (`id`,`nombre`,`url`) VALUES (54,'Bocados Caseros','https://cdn.example.com/img/resto_nuevo73.png');
INSERT INTO imagenes (`id`,`nombre`,`url`) VALUES (55,'Delicias al Paso','https://cdn.example.com/img/resto_nuevo74.png');
INSERT INTO imagenes (`id`,`nombre`,`url`) VALUES (56,'El Fogón de la Abuela','https://cdn.example.com/img/resto_nuevo75.png');
INSERT INTO imagenes (`id`,`nombre`,`url`) VALUES (57,'El Jardín Secreto','https://cdn.example.com/img/resto_nuevo76.png');
INSERT INTO imagenes (`id`,`nombre`,`url`) VALUES (58,'Rincón Gourmet','https://cdn.example.com/img/resto_nuevo77.png');
INSERT INTO imagenes (`id`,`nombre`,`url`) VALUES (59,'Sabores y Aromas','https://cdn.example.com/img/resto_nuevo78.png');
INSERT INTO imagenes (`id`,`nombre`,`url`) VALUES (60,'Fusión Latina','https://cdn.example.com/img/resto_nuevo79.png');
INSERT INTO imagenes (`id`,`nombre`,`url`) VALUES (61,'Daryl Logo','https://www.hola.com/horizon/landscape/ec878ddab16b-cuidardgatito-t.jpg');
INSERT INTO imagenes (`id`,`nombre`,`url`) VALUES (62,'Sanchipapa','https://recetinas.com/wp-content/uploads/2017/10/salchipapas.jpg');
INSERT INTO imagenes (`id`,`nombre`,`url`) VALUES (63,'pancho','https://www.corrienteshoy.com/galeria/fotos/2021/08/28/o_1630205743.jpg');



INSERT INTO `menus` (`id`,`nombre`) VALUES (1,'Menú Clásico');
INSERT INTO `menus` (`id`,`nombre`) VALUES (2,'Menú Vegano');
INSERT INTO `menus` (`id`,`nombre`) VALUES (3,'Menú Infantil');
INSERT INTO `menus` (`id`,`nombre`) VALUES (4,'Menú Gourmet');
INSERT INTO `menus` (`id`,`nombre`) VALUES (5,'Menú Exprés');
INSERT INTO `menus` (`id`,`nombre`) VALUES (6,'Menú Sin Gluten');
INSERT INTO `menus` (`id`,`nombre`) VALUES (7,'Menú Vegetariano');
INSERT INTO `menus` (`id`,`nombre`) VALUES (8,'Menú Orgánico');
INSERT INTO `menus` (`id`,`nombre`) VALUES (9,'Menú Mediterráneo');
INSERT INTO `menus` (`id`,`nombre`) VALUES (10,'Menú Asiático');
INSERT INTO `menus` (`id`,`nombre`) VALUES (11,'Menú Mexicano');
INSERT INTO `menus` (`id`,`nombre`) VALUES (12,'Menú Italiano');
INSERT INTO `menus` (`id`,`nombre`) VALUES (13,'Menú Americano');
INSERT INTO `menus` (`id`,`nombre`) VALUES (14,'Menú Low Carb');
INSERT INTO `menus` (`id`,`nombre`) VALUES (15,'Menú Detox');
INSERT INTO `menus` (`id`,`nombre`) VALUES (16,'Menu Daryl');


INSERT INTO productos (`id`,`descripcion`,`disponible`,`nombre`,`precio`,`imagen_id`,`menu_id`) VALUES (1,'Hamburguesa Clásica con carne, lechuga, tomate y mayonesa.',1,'Hamburguesa Clásica',1200.00,1,1);
INSERT INTO productos (`id`,`descripcion`,`disponible`,`nombre`,`precio`,`imagen_id`,`menu_id`) VALUES (2,'Pizza Margherita con salsa de tomate, mozzarella y albahaca.',1,'Pizza Margherita',1500.00,2,1);
INSERT INTO productos (`id`,`descripcion`,`disponible`,`nombre`,`precio`,`imagen_id`,`menu_id`) VALUES (3,'Ensalada César con lechuga, pollo, crotones y aderezo César.',1,'Ensalada César',1000.00,3,1);
INSERT INTO productos (`id`,`descripcion`,`disponible`,`nombre`,`precio`,`imagen_id`,`menu_id`) VALUES (4,'Papas Fritas crujientes con sal.',1,'Papas Fritas',600.00,4,2);
INSERT INTO productos (`id`,`descripcion`,`disponible`,`nombre`,`precio`,`imagen_id`,`menu_id`) VALUES (5,'Sushi Variado con pescado fresco y arroz.',1,'Sushi Variado',1800.00,5,2);
INSERT INTO productos (`id`,`descripcion`,`disponible`,`nombre`,`precio`,`imagen_id`,`menu_id`) VALUES (6,'Tacos al Pastor con carne de cerdo, piña, cebolla y cilantro.',1,'Tacos al Pastor',900.00,6,3);
INSERT INTO productos (`id`,`descripcion`,`disponible`,`nombre`,`precio`,`imagen_id`,`menu_id`) VALUES (7,'Lasaña con carne y salsa bechamel.',1,'Lasaña',1700.00,7,3);
INSERT INTO productos (`id`,`descripcion`,`disponible`,`nombre`,`precio`,`imagen_id`,`menu_id`) VALUES (8,'Pasta a la Bolognesa con salsa de carne.',1,'Pasta Bolognesa',1300.00,8,3);
INSERT INTO productos (`id`,`descripcion`,`disponible`,`nombre`,`precio`,`imagen_id`,`menu_id`) VALUES (9,'Croquetas de Pollo con salsa de mostaza.',1,'Croquetas de Pollo',800.00,9,3);
INSERT INTO productos (`id`,`descripcion`,`disponible`,`nombre`,`precio`,`imagen_id`,`menu_id`) VALUES (10,'Bocadillo de Jamón y Queso',1,'Bocadillo',1100.00,10,4);
INSERT INTO productos (`id`,`descripcion`,`disponible`,`nombre`,`precio`,`imagen_id`,`menu_id`) VALUES (11,'Hot Dog con ketchup, mostaza y cebolla.',1,'Hot Dog',950.00,11,5);
INSERT INTO productos (`id`,`descripcion`,`disponible`,`nombre`,`precio`,`imagen_id`,`menu_id`) VALUES (12,'Pechuga de Pollo a la Parrilla con arroz.',1,'Pechuga de Pollo',1500.00,12,5);
INSERT INTO productos (`id`,`descripcion`,`disponible`,`nombre`,`precio`,`imagen_id`,`menu_id`) VALUES (13,'Risotto de Champiñones',1,'Risotto de Champiñones',1600.00,13,5);
INSERT INTO productos (`id`,`descripcion`,`disponible`,`nombre`,`precio`,`imagen_id`,`menu_id`) VALUES (14,'Ramen con caldo de pollo y fideos',1,'Ramen',1400.00,14,6);
INSERT INTO productos (`id`,`descripcion`,`disponible`,`nombre`,`precio`,`imagen_id`,`menu_id`) VALUES (15,'Tarta de Espinaca y Queso',1,'Tarta de Espinaca',1200.00,15,6);
INSERT INTO productos (`id`,`descripcion`,`disponible`,`nombre`,`precio`,`imagen_id`,`menu_id`) VALUES (16,'Sopa de Tomate con pan crujiente',1,'Sopa de Tomate',950.00,16,7);
INSERT INTO productos (`id`,`descripcion`,`disponible`,`nombre`,`precio`,`imagen_id`,`menu_id`) VALUES (17,'Empanadas de Carne',1,'Empanadas',700.00,17,7);
INSERT INTO productos (`id`,`descripcion`,`disponible`,`nombre`,`precio`,`imagen_id`,`menu_id`) VALUES (18,'Churrasco con ensalada de papas',1,'Churrasco',2100.00,18,7);
INSERT INTO productos (`id`,`descripcion`,`disponible`,`nombre`,`precio`,`imagen_id`,`menu_id`) VALUES (19,'Ensalada Griega con aceitunas y feta',1,'Ensalada Griega',1300.00,19,7);
INSERT INTO productos (`id`,`descripcion`,`disponible`,`nombre`,`precio`,`imagen_id`,`menu_id`) VALUES (20,'Tartaleta de Frutas',1,'Tartaleta de Frutas',800.00,20,8);
INSERT INTO productos (`id`,`descripcion`,`disponible`,`nombre`,`precio`,`imagen_id`,`menu_id`) VALUES (21,'Pizza Caliente de Pepperoni',1,'Pizza Pepperoni',1700.00,21,8);
INSERT INTO productos (`id`,`descripcion`,`disponible`,`nombre`,`precio`,`imagen_id`,`menu_id`) VALUES (22,'Tequeños con salsa de guacamole',1,'Tequeños',950.00,22,9);
INSERT INTO productos (`id`,`descripcion`,`disponible`,`nombre`,`precio`,`imagen_id`,`menu_id`) VALUES (23,'Pasta Alfredo con salsa de queso',1,'Pasta Alfredo',1400.00,23,10);
INSERT INTO productos (`id`,`descripcion`,`disponible`,`nombre`,`precio`,`imagen_id`,`menu_id`) VALUES (24,'Pollo al Curry con arroz basmati',1,'Pollo al Curry',1800.00,24,10);
INSERT INTO productos (`id`,`descripcion`,`disponible`,`nombre`,`precio`,`imagen_id`,`menu_id`) VALUES (25,'Paella de Mariscos',1,'Paella de Mariscos',2500.00,25,10);
INSERT INTO productos (`id`,`descripcion`,`disponible`,`nombre`,`precio`,`imagen_id`,`menu_id`) VALUES (26,'Ceviche de Pescado con limón y cilantro',1,'Ceviche',1300.00,26,11);
INSERT INTO productos (`id`,`descripcion`,`disponible`,`nombre`,`precio`,`imagen_id`,`menu_id`) VALUES (27,'Sopa de Mariscos',1,'Sopa de Mariscos',1600.00,27,11);
INSERT INTO productos (`id`,`descripcion`,`disponible`,`nombre`,`precio`,`imagen_id`,`menu_id`) VALUES (28,'Bife de Chorizo con puré de papas',1,'Bife de Chorizo',2200.00,28,12);
INSERT INTO productos (`id`,`descripcion`,`disponible`,`nombre`,`precio`,`imagen_id`,`menu_id`) VALUES (29,'Ceviche de Camarón con aguacate',1,'Ceviche de Camarón',1700.00,29,12);
INSERT INTO productos (`id`,`descripcion`,`disponible`,`nombre`,`precio`,`imagen_id`,`menu_id`) VALUES (30,'Pasta Pesto con albahaca y piñones',1,'Pasta Pesto',1400.00,30,12);
INSERT INTO productos (`id`,`descripcion`,`disponible`,`nombre`,`precio`,`imagen_id`,`menu_id`) VALUES (31,'Gnocchi con salsa de tomate y queso parmesano',1,'Gnocchi',1200.00,31,13);
INSERT INTO productos (`id`,`descripcion`,`disponible`,`nombre`,`precio`,`imagen_id`,`menu_id`) VALUES (32,'Ensalada de Atún con mayonesa y zanahorias',1,'Ensalada de Atún',1000.00,32,13);
INSERT INTO productos (`id`,`descripcion`,`disponible`,`nombre`,`precio`,`imagen_id`,`menu_id`) VALUES (33,'Arroz Frito con Pollo',1,'Arroz Frito',1200.00,33,13);
INSERT INTO productos (`id`,`descripcion`,`disponible`,`nombre`,`precio`,`imagen_id`,`menu_id`) VALUES (34,'Pollo a la Parrilla con puré de papas',1,'Pollo a la Parrilla',1500.00,34,14);
INSERT INTO productos (`id`,`descripcion`,`disponible`,`nombre`,`precio`,`imagen_id`,`menu_id`) VALUES (35,'Burgers Veganas con pan integral',1,'Hamburguesa Vegana',1300.00,35,14);
INSERT INTO productos (`id`,`descripcion`,`disponible`,`nombre`,`precio`,`imagen_id`,`menu_id`) VALUES (36,'Tacos de Pescado con salsa picante',1,'Tacos de Pescado',1000.00,36,14);
INSERT INTO productos (`id`,`descripcion`,`disponible`,`nombre`,`precio`,`imagen_id`,`menu_id`) VALUES (37,'Milanesa de Pollo con ensalada',1,'Milanesa de Pollo',1400.00,37,14);
INSERT INTO productos (`id`,`descripcion`,`disponible`,`nombre`,`precio`,`imagen_id`,`menu_id`) VALUES (38,'Tarta de Manzana con crema pastelera',1,'Tarta de Manzana',900.00,38,15);
INSERT INTO productos (`id`,`descripcion`,`disponible`,`nombre`,`precio`,`imagen_id`,`menu_id`) VALUES (39,'Sopa de Lentejas con verduras',1,'Sopa de Lentejas',850.00,39,15);
INSERT INTO productos (`id`,`descripcion`,`disponible`,`nombre`,`precio`,`imagen_id`,`menu_id`) VALUES (40,'Pasta Carbonara con bacon y crema',1,'Pasta Carbonara',1500.00,40,15);
INSERT INTO productos (`id`,`descripcion`,`disponible`,`nombre`,`precio`,`imagen_id`,`menu_id`) VALUES (41,'Ensalada Capresse con tomate, mozzarella y albahaca',1,'Ensalada Capresse',1200.00,41,15);
INSERT INTO productos (`id`,`descripcion`,`disponible`,`nombre`,`precio`,`imagen_id`,`menu_id`) VALUES (42,'Pizza Hawaiana con jamón y piña',1,'Pizza Hawaiana',1600.00,42,2);
INSERT INTO productos (`id`,`descripcion`,`disponible`,`nombre`,`precio`,`imagen_id`,`menu_id`) VALUES (43,'Pollo Asado con papas a la provenzal',1,'Pollo Asado',1800.00,43,1);
INSERT INTO productos (`id`,`descripcion`,`disponible`,`nombre`,`precio`,`imagen_id`,`menu_id`) VALUES (44,'Tacos Vegetarianos con vegetales y guacamole',1,'Tacos Vegetarianos',1100.00,44,8);
INSERT INTO productos (`id`,`descripcion`,`disponible`,`nombre`,`precio`,`imagen_id`,`menu_id`) VALUES (45,'Tarta de Queso con frutas del bosque',1,'Tarta de Queso',950.00,45,9);
INSERT INTO productos (`id`,`descripcion`,`disponible`,`nombre`,`precio`,`imagen_id`,`menu_id`) VALUES (46,'Salchicha con papa',1,'Sanchipapa',200.00,62,16);
INSERT INTO productos (`id`,`descripcion`,`disponible`,`nombre`,`precio`,`imagen_id`,`menu_id`) VALUES (47,'Panchito rico',1,'Pancho',150.00,63,16);



INSERT INTO restaurantes (`id`,`activo`,`razon_social`,`direccion_id`,`imagen_id`,`menu_id`,`usuario_id`) VALUES (1,1,'Restaurante Delicias',31,46,1,32);
INSERT INTO restaurantes (`id`,`activo`,`razon_social`,`direccion_id`,`imagen_id`,`menu_id`,`usuario_id`) VALUES (2,1,'La Buena Mesa',32,47,2,33);
INSERT INTO restaurantes (`id`,`activo`,`razon_social`,`direccion_id`,`imagen_id`,`menu_id`,`usuario_id`) VALUES (3,1,'Sabor Natural',33,48,3,34);
INSERT INTO restaurantes (`id`,`activo`,`razon_social`,`direccion_id`,`imagen_id`,`menu_id`,`usuario_id`) VALUES (4,1,'El Rincón Vegano',34,49,4,35);
INSERT INTO restaurantes (`id`,`activo`,`razon_social`,`direccion_id`,`imagen_id`,`menu_id`,`usuario_id`) VALUES (5,1,'Casa Tradicional',35,50,5,36);
INSERT INTO restaurantes (`id`,`activo`,`razon_social`,`direccion_id`,`imagen_id`,`menu_id`,`usuario_id`) VALUES (6,1,'Sabores del Mundo',36,51,6,37);
INSERT INTO restaurantes (`id`,`activo`,`razon_social`,`direccion_id`,`imagen_id`,`menu_id`,`usuario_id`) VALUES (7,1,'Cocina Urbana',37,52,7,38);
INSERT INTO restaurantes (`id`,`activo`,`razon_social`,`direccion_id`,`imagen_id`,`menu_id`,`usuario_id`) VALUES (8,1,'La Esquina Feliz',38,53,8,39);
INSERT INTO restaurantes (`id`,`activo`,`razon_social`,`direccion_id`,`imagen_id`,`menu_id`,`usuario_id`) VALUES (9,1,'Bocados Caseros',39,54,9,40);
INSERT INTO restaurantes (`id`,`activo`,`razon_social`,`direccion_id`,`imagen_id`,`menu_id`,`usuario_id`) VALUES (10,1,'Delicias al Paso',40,55,10,41);
INSERT INTO restaurantes (`id`,`activo`,`razon_social`,`direccion_id`,`imagen_id`,`menu_id`,`usuario_id`) VALUES (11,1,'El Fogón de la Abuela',41,56,11,42);
INSERT INTO restaurantes (`id`,`activo`,`razon_social`,`direccion_id`,`imagen_id`,`menu_id`,`usuario_id`) VALUES (12,1,'El Jardín Secreto',42,57,12,43);
INSERT INTO restaurantes (`id`,`activo`,`razon_social`,`direccion_id`,`imagen_id`,`menu_id`,`usuario_id`) VALUES (13,1,'Rincón Gourmet',43,58,13,44);
INSERT INTO restaurantes (`id`,`activo`,`razon_social`,`direccion_id`,`imagen_id`,`menu_id`,`usuario_id`) VALUES (14,1,'Sabores y Aromas',44,59,14,45);
INSERT INTO restaurantes (`id`,`activo`,`razon_social`,`direccion_id`,`imagen_id`,`menu_id`,`usuario_id`) VALUES (15,1,'Fusión Latina',45,60,15,46);
INSERT INTO restaurantes (`id`,`activo`,`razon_social`,`direccion_id`,`imagen_id`,`menu_id`,`usuario_id`) VALUES (16,1,'Daryl ',50,61,16,49);



INSERT INTO horarios_atencion (`id`,`dia`,`hora_apertura`,`hora_cierre`,`restaurante_id`) VALUES (1,'MONDAY','18:00:00.000000','23:00:00.000000',1);
INSERT INTO horarios_atencion (`id`,`dia`,`hora_apertura`,`hora_cierre`,`restaurante_id`) VALUES (2,'WEDNESDAY','18:00:00.000000','23:00:00.000000',1);
INSERT INTO horarios_atencion (`id`,`dia`,`hora_apertura`,`hora_cierre`,`restaurante_id`) VALUES (3,'THURSDAY','18:00:00.000000','23:00:00.000000',1);
INSERT INTO horarios_atencion (`id`,`dia`,`hora_apertura`,`hora_cierre`,`restaurante_id`) VALUES (4,'FRIDAY','18:00:00.000000','23:00:00.000000',1);
INSERT INTO horarios_atencion (`id`,`dia`,`hora_apertura`,`hora_cierre`,`restaurante_id`) VALUES (5,'SATURDAY','18:00:00.000000','23:00:00.000000',1);
INSERT INTO horarios_atencion (`id`,`dia`,`hora_apertura`,`hora_cierre`,`restaurante_id`) VALUES (6,'SUNDAY','18:00:00.000000','23:00:00.000000',1);
INSERT INTO horarios_atencion (`id`,`dia`,`hora_apertura`,`hora_cierre`,`restaurante_id`) VALUES (7,'TUESDAY','15:00:00.000000','23:00:00.000000',2);
INSERT INTO horarios_atencion (`id`,`dia`,`hora_apertura`,`hora_cierre`,`restaurante_id`) VALUES (8,'WEDNESDAY','15:00:00.000000','23:00:00.000000',2);
INSERT INTO horarios_atencion (`id`,`dia`,`hora_apertura`,`hora_cierre`,`restaurante_id`) VALUES (9,'THURSDAY','15:00:00.000000','23:00:00.000000',2);
INSERT INTO horarios_atencion (`id`,`dia`,`hora_apertura`,`hora_cierre`,`restaurante_id`) VALUES (10,'FRIDAY','15:00:00.000000','23:00:00.000000',2);
INSERT INTO horarios_atencion (`id`,`dia`,`hora_apertura`,`hora_cierre`,`restaurante_id`) VALUES (11,'SATURDAY','15:00:00.000000','23:00:00.000000',2);
INSERT INTO horarios_atencion (`id`,`dia`,`hora_apertura`,`hora_cierre`,`restaurante_id`) VALUES (12,'SUNDAY','15:00:00.000000','23:00:00.000000',2);
INSERT INTO horarios_atencion (`id`,`dia`,`hora_apertura`,`hora_cierre`,`restaurante_id`) VALUES (13,'MONDAY','11:00:00.000000','23:00:00.000000',3);
INSERT INTO horarios_atencion (`id`,`dia`,`hora_apertura`,`hora_cierre`,`restaurante_id`) VALUES (14,'TUESDAY','11:00:00.000000','23:00:00.000000',3);
INSERT INTO horarios_atencion (`id`,`dia`,`hora_apertura`,`hora_cierre`,`restaurante_id`) VALUES (15,'WEDNESDAY','11:00:00.000000','23:00:00.000000',3);
INSERT INTO horarios_atencion (`id`,`dia`,`hora_apertura`,`hora_cierre`,`restaurante_id`) VALUES (16,'THURSDAY','11:00:00.000000','23:00:00.000000',3);
INSERT INTO horarios_atencion (`id`,`dia`,`hora_apertura`,`hora_cierre`,`restaurante_id`) VALUES (17,'FRIDAY','11:00:00.000000','23:00:00.000000',3);
INSERT INTO horarios_atencion (`id`,`dia`,`hora_apertura`,`hora_cierre`,`restaurante_id`) VALUES (18,'SATURDAY','11:00:00.000000','23:00:00.000000',3);
INSERT INTO horarios_atencion (`id`,`dia`,`hora_apertura`,`hora_cierre`,`restaurante_id`) VALUES (19,'SUNDAY','11:00:00.000000','23:00:00.000000',3);
INSERT INTO horarios_atencion (`id`,`dia`,`hora_apertura`,`hora_cierre`,`restaurante_id`) VALUES (20,'MONDAY','11:00:00.000000','23:00:00.000000',4);
INSERT INTO horarios_atencion (`id`,`dia`,`hora_apertura`,`hora_cierre`,`restaurante_id`) VALUES (21,'TUESDAY','11:00:00.000000','23:00:00.000000',4);
INSERT INTO horarios_atencion (`id`,`dia`,`hora_apertura`,`hora_cierre`,`restaurante_id`) VALUES (22,'WEDNESDAY','11:00:00.000000','23:00:00.000000',4);
INSERT INTO horarios_atencion (`id`,`dia`,`hora_apertura`,`hora_cierre`,`restaurante_id`) VALUES (23,'THURSDAY','11:00:00.000000','23:00:00.000000',4);
INSERT INTO horarios_atencion (`id`,`dia`,`hora_apertura`,`hora_cierre`,`restaurante_id`) VALUES (24,'FRIDAY','11:00:00.000000','23:00:00.000000',4);
INSERT INTO horarios_atencion (`id`,`dia`,`hora_apertura`,`hora_cierre`,`restaurante_id`) VALUES (25,'SATURDAY','11:00:00.000000','23:00:00.000000',4);
INSERT INTO horarios_atencion (`id`,`dia`,`hora_apertura`,`hora_cierre`,`restaurante_id`) VALUES (26,'SUNDAY','11:00:00.000000','23:00:00.000000',4);
INSERT INTO horarios_atencion (`id`,`dia`,`hora_apertura`,`hora_cierre`,`restaurante_id`) VALUES (27,'MONDAY','12:00:00.000000','22:00:00.000000',5);
INSERT INTO horarios_atencion (`id`,`dia`,`hora_apertura`,`hora_cierre`,`restaurante_id`) VALUES (28,'TUESDAY','12:00:00.000000','22:00:00.000000',5);
INSERT INTO horarios_atencion (`id`,`dia`,`hora_apertura`,`hora_cierre`,`restaurante_id`) VALUES (29,'THURSDAY','12:00:00.000000','22:00:00.000000',5);
INSERT INTO horarios_atencion (`id`,`dia`,`hora_apertura`,`hora_cierre`,`restaurante_id`) VALUES (30,'FRIDAY','12:00:00.000000','22:00:00.000000',5);
INSERT INTO horarios_atencion (`id`,`dia`,`hora_apertura`,`hora_cierre`,`restaurante_id`) VALUES (31,'SATURDAY','12:00:00.000000','22:00:00.000000',5);
INSERT INTO horarios_atencion (`id`,`dia`,`hora_apertura`,`hora_cierre`,`restaurante_id`) VALUES (32,'SUNDAY','12:00:00.000000','22:00:00.000000',5);
INSERT INTO horarios_atencion (`id`,`dia`,`hora_apertura`,`hora_cierre`,`restaurante_id`) VALUES (33,'MONDAY','11:00:00.000000','23:30:00.000000',6);
INSERT INTO horarios_atencion (`id`,`dia`,`hora_apertura`,`hora_cierre`,`restaurante_id`) VALUES (34,'TUESDAY','11:00:00.000000','23:30:00.000000',6);
INSERT INTO horarios_atencion (`id`,`dia`,`hora_apertura`,`hora_cierre`,`restaurante_id`) VALUES (35,'WEDNESDAY','11:00:00.000000','23:30:00.000000',6);
INSERT INTO horarios_atencion (`id`,`dia`,`hora_apertura`,`hora_cierre`,`restaurante_id`) VALUES (36,'THURSDAY','11:00:00.000000','23:30:00.000000',6);
INSERT INTO horarios_atencion (`id`,`dia`,`hora_apertura`,`hora_cierre`,`restaurante_id`) VALUES (37,'FRIDAY','11:00:00.000000','23:30:00.000000',6);
INSERT INTO horarios_atencion (`id`,`dia`,`hora_apertura`,`hora_cierre`,`restaurante_id`) VALUES (38,'SATURDAY','11:00:00.000000','23:30:00.000000',6);
INSERT INTO horarios_atencion (`id`,`dia`,`hora_apertura`,`hora_cierre`,`restaurante_id`) VALUES (39,'SUNDAY','11:00:00.000000','23:30:00.000000',6);
INSERT INTO horarios_atencion (`id`,`dia`,`hora_apertura`,`hora_cierre`,`restaurante_id`) VALUES (40,'MONDAY','10:00:00.000000','23:30:00.000000',7);
INSERT INTO horarios_atencion (`id`,`dia`,`hora_apertura`,`hora_cierre`,`restaurante_id`) VALUES (41,'TUESDAY','10:00:00.000000','23:30:00.000000',7);
INSERT INTO horarios_atencion (`id`,`dia`,`hora_apertura`,`hora_cierre`,`restaurante_id`) VALUES (42,'WEDNESDAY','10:00:00.000000','23:30:00.000000',7);
INSERT INTO horarios_atencion (`id`,`dia`,`hora_apertura`,`hora_cierre`,`restaurante_id`) VALUES (43,'THURSDAY','10:00:00.000000','23:30:00.000000',7);
INSERT INTO horarios_atencion (`id`,`dia`,`hora_apertura`,`hora_cierre`,`restaurante_id`) VALUES (44,'FRIDAY','10:00:00.000000','23:30:00.000000',7);
INSERT INTO horarios_atencion (`id`,`dia`,`hora_apertura`,`hora_cierre`,`restaurante_id`) VALUES (45,'SATURDAY','10:00:00.000000','23:30:00.000000',7);
INSERT INTO horarios_atencion (`id`,`dia`,`hora_apertura`,`hora_cierre`,`restaurante_id`) VALUES (46,'SUNDAY','10:00:00.000000','23:30:00.000000',7);
INSERT INTO horarios_atencion (`id`,`dia`,`hora_apertura`,`hora_cierre`,`restaurante_id`) VALUES (47,'TUESDAY','10:00:00.000000','23:30:00.000000',8);
INSERT INTO horarios_atencion (`id`,`dia`,`hora_apertura`,`hora_cierre`,`restaurante_id`) VALUES (48,'WEDNESDAY','10:00:00.000000','23:30:00.000000',8);
INSERT INTO horarios_atencion (`id`,`dia`,`hora_apertura`,`hora_cierre`,`restaurante_id`) VALUES (49,'THURSDAY','10:00:00.000000','23:30:00.000000',8);
INSERT INTO horarios_atencion (`id`,`dia`,`hora_apertura`,`hora_cierre`,`restaurante_id`) VALUES (50,'FRIDAY','10:00:00.000000','23:30:00.000000',8);
INSERT INTO horarios_atencion (`id`,`dia`,`hora_apertura`,`hora_cierre`,`restaurante_id`) VALUES (51,'SATURDAY','10:00:00.000000','23:30:00.000000',8);
INSERT INTO horarios_atencion (`id`,`dia`,`hora_apertura`,`hora_cierre`,`restaurante_id`) VALUES (52,'SUNDAY','10:00:00.000000','23:30:00.000000',8);
INSERT INTO horarios_atencion (`id`,`dia`,`hora_apertura`,`hora_cierre`,`restaurante_id`) VALUES (53,'MONDAY','10:00:00.000000','23:30:00.000000',9);
INSERT INTO horarios_atencion (`id`,`dia`,`hora_apertura`,`hora_cierre`,`restaurante_id`) VALUES (54,'TUESDAY','10:00:00.000000','23:30:00.000000',9);
INSERT INTO horarios_atencion (`id`,`dia`,`hora_apertura`,`hora_cierre`,`restaurante_id`) VALUES (55,'WEDNESDAY','10:00:00.000000','23:30:00.000000',9);
INSERT INTO horarios_atencion (`id`,`dia`,`hora_apertura`,`hora_cierre`,`restaurante_id`) VALUES (56,'FRIDAY','10:00:00.000000','23:30:00.000000',9);
INSERT INTO horarios_atencion (`id`,`dia`,`hora_apertura`,`hora_cierre`,`restaurante_id`) VALUES (57,'SATURDAY','10:00:00.000000','23:30:00.000000',9);
INSERT INTO horarios_atencion (`id`,`dia`,`hora_apertura`,`hora_cierre`,`restaurante_id`) VALUES (58,'SUNDAY','10:00:00.000000','23:30:00.000000',9);
INSERT INTO horarios_atencion (`id`,`dia`,`hora_apertura`,`hora_cierre`,`restaurante_id`) VALUES (59,'MONDAY','12:00:00.000000','23:30:00.000000',10);
INSERT INTO horarios_atencion (`id`,`dia`,`hora_apertura`,`hora_cierre`,`restaurante_id`) VALUES (60,'TUESDAY','12:00:00.000000','23:30:00.000000',10);
INSERT INTO horarios_atencion (`id`,`dia`,`hora_apertura`,`hora_cierre`,`restaurante_id`) VALUES (61,'WEDNESDAY','12:00:00.000000','23:30:00.000000',10);
INSERT INTO horarios_atencion (`id`,`dia`,`hora_apertura`,`hora_cierre`,`restaurante_id`) VALUES (62,'THURSDAY','12:00:00.000000','23:30:00.000000',10);
INSERT INTO horarios_atencion (`id`,`dia`,`hora_apertura`,`hora_cierre`,`restaurante_id`) VALUES (63,'FRIDAY','12:00:00.000000','23:30:00.000000',10);
INSERT INTO horarios_atencion (`id`,`dia`,`hora_apertura`,`hora_cierre`,`restaurante_id`) VALUES (64,'SATURDAY','12:00:00.000000','23:30:00.000000',10);
INSERT INTO horarios_atencion (`id`,`dia`,`hora_apertura`,`hora_cierre`,`restaurante_id`) VALUES (65,'SUNDAY','12:00:00.000000','23:30:00.000000',10);
INSERT INTO horarios_atencion (`id`,`dia`,`hora_apertura`,`hora_cierre`,`restaurante_id`) VALUES (66,'MONDAY','08:00:00.000000','15:30:00.000000',11);
INSERT INTO horarios_atencion (`id`,`dia`,`hora_apertura`,`hora_cierre`,`restaurante_id`) VALUES (67,'TUESDAY','08:00:00.000000','15:30:00.000000',11);
INSERT INTO horarios_atencion (`id`,`dia`,`hora_apertura`,`hora_cierre`,`restaurante_id`) VALUES (68,'WEDNESDAY','08:00:00.000000','15:30:00.000000',11);
INSERT INTO horarios_atencion (`id`,`dia`,`hora_apertura`,`hora_cierre`,`restaurante_id`) VALUES (69,'THURSDAY','08:00:00.000000','15:30:00.000000',11);
INSERT INTO horarios_atencion (`id`,`dia`,`hora_apertura`,`hora_cierre`,`restaurante_id`) VALUES (70,'FRIDAY','08:00:00.000000','15:30:00.000000',11);
INSERT INTO horarios_atencion (`id`,`dia`,`hora_apertura`,`hora_cierre`,`restaurante_id`) VALUES (71,'SATURDAY','08:00:00.000000','15:30:00.000000',11);
INSERT INTO horarios_atencion (`id`,`dia`,`hora_apertura`,`hora_cierre`,`restaurante_id`) VALUES (72,'SUNDAY','08:00:00.000000','15:30:00.000000',11);
INSERT INTO horarios_atencion (`id`,`dia`,`hora_apertura`,`hora_cierre`,`restaurante_id`) VALUES (73,'TUESDAY','08:00:00.000000','15:30:00.000000',12);
INSERT INTO horarios_atencion (`id`,`dia`,`hora_apertura`,`hora_cierre`,`restaurante_id`) VALUES (74,'WEDNESDAY','08:00:00.000000','15:30:00.000000',12);
INSERT INTO horarios_atencion (`id`,`dia`,`hora_apertura`,`hora_cierre`,`restaurante_id`) VALUES (75,'THURSDAY','08:00:00.000000','15:30:00.000000',12);
INSERT INTO horarios_atencion (`id`,`dia`,`hora_apertura`,`hora_cierre`,`restaurante_id`) VALUES (76,'FRIDAY','08:00:00.000000','15:30:00.000000',12);
INSERT INTO horarios_atencion (`id`,`dia`,`hora_apertura`,`hora_cierre`,`restaurante_id`) VALUES (77,'SATURDAY','08:00:00.000000','15:30:00.000000',12);
INSERT INTO horarios_atencion (`id`,`dia`,`hora_apertura`,`hora_cierre`,`restaurante_id`) VALUES (78,'SUNDAY','08:00:00.000000','15:30:00.000000',12);
INSERT INTO horarios_atencion (`id`,`dia`,`hora_apertura`,`hora_cierre`,`restaurante_id`) VALUES (79,'MONDAY','08:00:00.000000','16:30:00.000000',13);
INSERT INTO horarios_atencion (`id`,`dia`,`hora_apertura`,`hora_cierre`,`restaurante_id`) VALUES (80,'TUESDAY','08:00:00.000000','16:30:00.000000',13);
INSERT INTO horarios_atencion (`id`,`dia`,`hora_apertura`,`hora_cierre`,`restaurante_id`) VALUES (81,'WEDNESDAY','08:00:00.000000','16:30:00.000000',13);
INSERT INTO horarios_atencion (`id`,`dia`,`hora_apertura`,`hora_cierre`,`restaurante_id`) VALUES (82,'THURSDAY','08:00:00.000000','16:30:00.000000',13);
INSERT INTO horarios_atencion (`id`,`dia`,`hora_apertura`,`hora_cierre`,`restaurante_id`) VALUES (83,'FRIDAY','08:00:00.000000','16:30:00.000000',13);
INSERT INTO horarios_atencion (`id`,`dia`,`hora_apertura`,`hora_cierre`,`restaurante_id`) VALUES (84,'SATURDAY','08:00:00.000000','16:30:00.000000',13);
INSERT INTO horarios_atencion (`id`,`dia`,`hora_apertura`,`hora_cierre`,`restaurante_id`) VALUES (85,'SUNDAY','08:00:00.000000','16:30:00.000000',13);
INSERT INTO horarios_atencion (`id`,`dia`,`hora_apertura`,`hora_cierre`,`restaurante_id`) VALUES (86,'MONDAY','08:00:00.000000','16:30:00.000000',14);
INSERT INTO horarios_atencion (`id`,`dia`,`hora_apertura`,`hora_cierre`,`restaurante_id`) VALUES (87,'TUESDAY','08:00:00.000000','16:30:00.000000',14);
INSERT INTO horarios_atencion (`id`,`dia`,`hora_apertura`,`hora_cierre`,`restaurante_id`) VALUES (88,'THURSDAY','08:00:00.000000','16:30:00.000000',14);
INSERT INTO horarios_atencion (`id`,`dia`,`hora_apertura`,`hora_cierre`,`restaurante_id`) VALUES (89,'FRIDAY','08:00:00.000000','16:30:00.000000',14);
INSERT INTO horarios_atencion (`id`,`dia`,`hora_apertura`,`hora_cierre`,`restaurante_id`) VALUES (90,'SATURDAY','08:00:00.000000','16:30:00.000000',14);
INSERT INTO horarios_atencion (`id`,`dia`,`hora_apertura`,`hora_cierre`,`restaurante_id`) VALUES (91,'SUNDAY','08:00:00.000000','16:30:00.000000',14);
INSERT INTO horarios_atencion (`id`,`dia`,`hora_apertura`,`hora_cierre`,`restaurante_id`) VALUES (92,'MONDAY','08:00:00.000000','23:30:00.000000',15);
INSERT INTO horarios_atencion (`id`,`dia`,`hora_apertura`,`hora_cierre`,`restaurante_id`) VALUES (93,'TUESDAY','08:00:00.000000','23:30:00.000000',15);
INSERT INTO horarios_atencion (`id`,`dia`,`hora_apertura`,`hora_cierre`,`restaurante_id`) VALUES (94,'WEDNESDAY','08:00:00.000000','23:30:00.000000',15);
INSERT INTO horarios_atencion (`id`,`dia`,`hora_apertura`,`hora_cierre`,`restaurante_id`) VALUES (95,'THURSDAY','08:00:00.000000','23:30:00.000000',15);
INSERT INTO horarios_atencion (`id`,`dia`,`hora_apertura`,`hora_cierre`,`restaurante_id`) VALUES (96,'FRIDAY','08:00:00.000000','23:30:00.000000',15);
INSERT INTO horarios_atencion (`id`,`dia`,`hora_apertura`,`hora_cierre`,`restaurante_id`) VALUES (97,'SATURDAY','08:00:00.000000','23:30:00.000000',15);
INSERT INTO horarios_atencion (`id`,`dia`,`hora_apertura`,`hora_cierre`,`restaurante_id`) VALUES (98,'SUNDAY','08:00:00.000000','23:30:00.000000',15);
INSERT INTO horarios_atencion (`id`,`dia`,`hora_apertura`,`hora_cierre`,`restaurante_id`) VALUES (107,'MONDAY','11:30:00.000000','21:30:00.000000',16);
INSERT INTO horarios_atencion (`id`,`dia`,`hora_apertura`,`hora_cierre`,`restaurante_id`) VALUES (108,'SUNDAY','15:30:00.000000','23:40:00.000000',16);
INSERT INTO horarios_atencion (`id`,`dia`,`hora_apertura`,`hora_cierre`,`restaurante_id`) VALUES (109,'THURSDAY','09:00:00.000000','23:15:00.000000',16);
INSERT INTO horarios_atencion (`id`,`dia`,`hora_apertura`,`hora_cierre`,`restaurante_id`) VALUES (110,'TUESDAY','09:30:00.000000','23:30:00.000000',16);





INSERT INTO pedidos (`id`,`estado`,`fecha_hora`,`tipo_entrega`,`total`,`usuario_id`,`direccion_id`,`restaurante_id`,`direccion_snapshot`,`costo_delivery`,`distancia_km`,`fecha_aceptacion_repartidor`,`fecha_entrega`,`repartidor_id`) VALUES (1,'EN_PREPARACION','2025-06-09 17:28:49.000000','RETIRO_POR_LOCAL',2400.00,2,36,6,NULL,NULL,NULL,NULL,NULL,NULL);
INSERT INTO pedidos (`id`,`estado`,`fecha_hora`,`tipo_entrega`,`total`,`usuario_id`,`direccion_id`,`restaurante_id`,`direccion_snapshot`,`costo_delivery`,`distancia_km`,`fecha_aceptacion_repartidor`,`fecha_entrega`,`repartidor_id`) VALUES (2,'LISTO_PARA_RETIRAR','2025-06-09 17:28:49.000000','RETIRO_POR_LOCAL',3500.00,3,36,6,NULL,NULL,NULL,NULL,NULL,NULL);
INSERT INTO pedidos (`id`,`estado`,`fecha_hora`,`tipo_entrega`,`total`,`usuario_id`,`direccion_id`,`restaurante_id`,`direccion_snapshot`,`costo_delivery`,`distancia_km`,`fecha_aceptacion_repartidor`,`fecha_entrega`,`repartidor_id`) VALUES (3,'PENDIENTE','2025-06-09 17:28:49.000000','DELIVERY',4400.00,4,3,6,NULL,NULL,NULL,NULL,NULL,NULL);
INSERT INTO pedidos (`id`,`estado`,`fecha_hora`,`tipo_entrega`,`total`,`usuario_id`,`direccion_id`,`restaurante_id`,`direccion_snapshot`,`costo_delivery`,`distancia_km`,`fecha_aceptacion_repartidor`,`fecha_entrega`,`repartidor_id`) VALUES (4,'COMPLETADO','2025-06-09 17:28:49.000000','DELIVERY',3550.00,5,4,6,NULL,NULL,NULL,NULL,NULL,NULL);
INSERT INTO pedidos (`id`,`estado`,`fecha_hora`,`tipo_entrega`,`total`,`usuario_id`,`direccion_id`,`restaurante_id`,`direccion_snapshot`,`costo_delivery`,`distancia_km`,`fecha_aceptacion_repartidor`,`fecha_entrega`,`repartidor_id`) VALUES (5,'PENDIENTE','2025-06-09 17:28:49.000000','RETIRO_POR_LOCAL',9800.00,5,31,1,NULL,NULL,NULL,NULL,NULL,NULL);
INSERT INTO pedidos (`id`,`estado`,`fecha_hora`,`tipo_entrega`,`total`,`usuario_id`,`direccion_id`,`restaurante_id`,`direccion_snapshot`,`costo_delivery`,`distancia_km`,`fecha_aceptacion_repartidor`,`fecha_entrega`,`repartidor_id`) VALUES (6,'COMPLETADO','2025-06-09 17:28:49.000000','DELIVERY',3550.00,6,5,1,NULL,NULL,NULL,NULL,NULL,NULL);
INSERT INTO pedidos (`id`,`estado`,`fecha_hora`,`tipo_entrega`,`total`,`usuario_id`,`direccion_id`,`restaurante_id`,`direccion_snapshot`,`costo_delivery`,`distancia_km`,`fecha_aceptacion_repartidor`,`fecha_entrega`,`repartidor_id`) VALUES (7,'LISTO_PARA_RETIRAR','2025-06-09 17:28:49.000000','RETIRO_POR_LOCAL',5800.00,7,32,2,NULL,NULL,NULL,NULL,NULL,NULL);
INSERT INTO pedidos (`id`,`estado`,`fecha_hora`,`tipo_entrega`,`total`,`usuario_id`,`direccion_id`,`restaurante_id`,`direccion_snapshot`,`costo_delivery`,`distancia_km`,`fecha_aceptacion_repartidor`,`fecha_entrega`,`repartidor_id`) VALUES (8,'COMPLETADO','2025-06-09 17:28:49.000000','DELIVERY',1500.00,8,7,2,NULL,NULL,NULL,NULL,NULL,NULL);
INSERT INTO pedidos (`id`,`estado`,`fecha_hora`,`tipo_entrega`,`total`,`usuario_id`,`direccion_id`,`restaurante_id`,`direccion_snapshot`,`costo_delivery`,`distancia_km`,`fecha_aceptacion_repartidor`,`fecha_entrega`,`repartidor_id`) VALUES (9,'LISTO_PARA_ENTREGAR','2025-06-09 17:28:49.000000','DELIVERY',12500.00,9,8,2,NULL,NULL,NULL,NULL,NULL,NULL);
INSERT INTO pedidos (`id`,`estado`,`fecha_hora`,`tipo_entrega`,`total`,`usuario_id`,`direccion_id`,`restaurante_id`,`direccion_snapshot`,`costo_delivery`,`distancia_km`,`fecha_aceptacion_repartidor`,`fecha_entrega`,`repartidor_id`) VALUES (10,'CANCELADO','2025-06-09 17:28:49.000000','RETIRO_POR_LOCAL',9870.00,10,33,3,NULL,NULL,NULL,NULL,NULL,NULL);
INSERT INTO pedidos (`id`,`estado`,`fecha_hora`,`tipo_entrega`,`total`,`usuario_id`,`direccion_id`,`restaurante_id`,`direccion_snapshot`,`costo_delivery`,`distancia_km`,`fecha_aceptacion_repartidor`,`fecha_entrega`,`repartidor_id`) VALUES (11,'PENDIENTE','2025-06-09 17:28:49.000000','DELIVERY',1500.00,11,10,3,NULL,NULL,NULL,NULL,NULL,NULL);
INSERT INTO pedidos (`id`,`estado`,`fecha_hora`,`tipo_entrega`,`total`,`usuario_id`,`direccion_id`,`restaurante_id`,`direccion_snapshot`,`costo_delivery`,`distancia_km`,`fecha_aceptacion_repartidor`,`fecha_entrega`,`repartidor_id`) VALUES (12,'COMPLETADO','2025-06-09 17:28:49.000000','DELIVERY',12500.00,12,13,3,NULL,NULL,NULL,NULL,NULL,NULL);
INSERT INTO pedidos (`id`,`estado`,`fecha_hora`,`tipo_entrega`,`total`,`usuario_id`,`direccion_id`,`restaurante_id`,`direccion_snapshot`,`costo_delivery`,`distancia_km`,`fecha_aceptacion_repartidor`,`fecha_entrega`,`repartidor_id`) VALUES (13,'CANCELADO','2025-06-09 17:28:49.000000','RETIRO_POR_LOCAL',9000.00,13,34,4,NULL,NULL,NULL,NULL,NULL,NULL);
INSERT INTO pedidos (`id`,`estado`,`fecha_hora`,`tipo_entrega`,`total`,`usuario_id`,`direccion_id`,`restaurante_id`,`direccion_snapshot`,`costo_delivery`,`distancia_km`,`fecha_aceptacion_repartidor`,`fecha_entrega`,`repartidor_id`) VALUES (14,'LISTO_PARA_ENTREGAR','2025-06-09 17:28:49.000000','DELIVERY',1990.00,14,13,4,NULL,NULL,NULL,NULL,NULL,NULL);
INSERT INTO pedidos (`id`,`estado`,`fecha_hora`,`tipo_entrega`,`total`,`usuario_id`,`direccion_id`,`restaurante_id`,`direccion_snapshot`,`costo_delivery`,`distancia_km`,`fecha_aceptacion_repartidor`,`fecha_entrega`,`repartidor_id`) VALUES (15,'COMPLETADO','2025-06-09 17:28:49.000000','DELIVERY',4500.00,15,14,4,NULL,NULL,NULL,NULL,NULL,NULL);
INSERT INTO pedidos (`id`,`estado`,`fecha_hora`,`tipo_entrega`,`total`,`usuario_id`,`direccion_id`,`restaurante_id`,`direccion_snapshot`,`costo_delivery`,`distancia_km`,`fecha_aceptacion_repartidor`,`fecha_entrega`,`repartidor_id`) VALUES (16,'EN_PREPARACION','2025-06-09 17:28:49.000000','DELIVERY',12500.00,16,15,4,NULL,NULL,NULL,NULL,NULL,NULL);
INSERT INTO pedidos (`id`,`estado`,`fecha_hora`,`tipo_entrega`,`total`,`usuario_id`,`direccion_id`,`restaurante_id`,`direccion_snapshot`,`costo_delivery`,`distancia_km`,`fecha_aceptacion_repartidor`,`fecha_entrega`,`repartidor_id`) VALUES (17,'COMPLETADO','2025-06-09 17:28:49.000000','DELIVERY',9800.00,17,16,4,NULL,NULL,NULL,NULL,NULL,NULL);
INSERT INTO pedidos (`id`,`estado`,`fecha_hora`,`tipo_entrega`,`total`,`usuario_id`,`direccion_id`,`restaurante_id`,`direccion_snapshot`,`costo_delivery`,`distancia_km`,`fecha_aceptacion_repartidor`,`fecha_entrega`,`repartidor_id`) VALUES (18,'COMPLETADO','2025-06-09 17:28:49.000000','DELIVERY',1650.00,18,17,5,NULL,NULL,NULL,NULL,NULL,NULL);
INSERT INTO pedidos (`id`,`estado`,`fecha_hora`,`tipo_entrega`,`total`,`usuario_id`,`direccion_id`,`restaurante_id`,`direccion_snapshot`,`costo_delivery`,`distancia_km`,`fecha_aceptacion_repartidor`,`fecha_entrega`,`repartidor_id`) VALUES (19,'EN_PREPARACION','2025-06-09 17:28:49.000000','RETIRO_POR_LOCAL',13600.00,19,35,5,NULL,NULL,NULL,NULL,NULL,NULL);
INSERT INTO pedidos (`id`,`estado`,`fecha_hora`,`tipo_entrega`,`total`,`usuario_id`,`direccion_id`,`restaurante_id`,`direccion_snapshot`,`costo_delivery`,`distancia_km`,`fecha_aceptacion_repartidor`,`fecha_entrega`,`repartidor_id`) VALUES (20,'COMPLETADO','2025-06-09 17:28:49.000000','DELIVERY',9780.00,20,19,5,NULL,NULL,NULL,NULL,NULL,NULL);
INSERT INTO pedidos (`id`,`estado`,`fecha_hora`,`tipo_entrega`,`total`,`usuario_id`,`direccion_id`,`restaurante_id`,`direccion_snapshot`,`costo_delivery`,`distancia_km`,`fecha_aceptacion_repartidor`,`fecha_entrega`,`repartidor_id`) VALUES (21,'CANCELADO','2025-06-09 17:28:49.000000','DELIVERY',13600.00,21,20,7,NULL,NULL,NULL,NULL,NULL,NULL);
INSERT INTO pedidos (`id`,`estado`,`fecha_hora`,`tipo_entrega`,`total`,`usuario_id`,`direccion_id`,`restaurante_id`,`direccion_snapshot`,`costo_delivery`,`distancia_km`,`fecha_aceptacion_repartidor`,`fecha_entrega`,`repartidor_id`) VALUES (22,'COMPLETADO','2025-06-09 17:28:49.000000','RETIRO_POR_LOCAL',9000.00,22,37,7,NULL,NULL,NULL,NULL,NULL,NULL);
INSERT INTO pedidos (`id`,`estado`,`fecha_hora`,`tipo_entrega`,`total`,`usuario_id`,`direccion_id`,`restaurante_id`,`direccion_snapshot`,`costo_delivery`,`distancia_km`,`fecha_aceptacion_repartidor`,`fecha_entrega`,`repartidor_id`) VALUES (23,'COMPLETADO','2025-06-09 17:28:49.000000','DELIVERY',1650.00,23,22,8,NULL,NULL,NULL,NULL,NULL,NULL);
INSERT INTO pedidos (`id`,`estado`,`fecha_hora`,`tipo_entrega`,`total`,`usuario_id`,`direccion_id`,`restaurante_id`,`direccion_snapshot`,`costo_delivery`,`distancia_km`,`fecha_aceptacion_repartidor`,`fecha_entrega`,`repartidor_id`) VALUES (24,'LISTO_PARA_RETIRAR','2025-06-09 17:28:49.000000','RETIRO_POR_LOCAL',13600.00,24,38,8,NULL,NULL,NULL,NULL,NULL,NULL);
INSERT INTO pedidos (`id`,`estado`,`fecha_hora`,`tipo_entrega`,`total`,`usuario_id`,`direccion_id`,`restaurante_id`,`direccion_snapshot`,`costo_delivery`,`distancia_km`,`fecha_aceptacion_repartidor`,`fecha_entrega`,`repartidor_id`) VALUES (25,'COMPLETADO','2025-06-09 17:28:49.000000','DELIVERY',9780.00,25,24,8,NULL,NULL,NULL,NULL,NULL,NULL);
INSERT INTO pedidos (`id`,`estado`,`fecha_hora`,`tipo_entrega`,`total`,`usuario_id`,`direccion_id`,`restaurante_id`,`direccion_snapshot`,`costo_delivery`,`distancia_km`,`fecha_aceptacion_repartidor`,`fecha_entrega`,`repartidor_id`) VALUES (26,'COMPLETADO','2025-06-09 17:28:49.000000','RETIRO_POR_LOCAL',9000.00,26,39,9,NULL,NULL,NULL,NULL,NULL,NULL);
INSERT INTO pedidos (`id`,`estado`,`fecha_hora`,`tipo_entrega`,`total`,`usuario_id`,`direccion_id`,`restaurante_id`,`direccion_snapshot`,`costo_delivery`,`distancia_km`,`fecha_aceptacion_repartidor`,`fecha_entrega`,`repartidor_id`) VALUES (27,'CANCELADO','2025-06-09 17:28:49.000000','DELIVERY',1650.00,27,26,9,NULL,NULL,NULL,NULL,NULL,NULL);
INSERT INTO pedidos (`id`,`estado`,`fecha_hora`,`tipo_entrega`,`total`,`usuario_id`,`direccion_id`,`restaurante_id`,`direccion_snapshot`,`costo_delivery`,`distancia_km`,`fecha_aceptacion_repartidor`,`fecha_entrega`,`repartidor_id`) VALUES (28,'EN_PREPARACION','2025-06-09 17:28:49.000000','RETIRO_POR_LOCAL',13600.00,28,39,9,NULL,NULL,NULL,NULL,NULL,NULL);
INSERT INTO pedidos (`id`,`estado`,`fecha_hora`,`tipo_entrega`,`total`,`usuario_id`,`direccion_id`,`restaurante_id`,`direccion_snapshot`,`costo_delivery`,`distancia_km`,`fecha_aceptacion_repartidor`,`fecha_entrega`,`repartidor_id`) VALUES (29,'LISTO_PARA_ENTREGAR','2025-06-09 17:28:49.000000','DELIVERY',9780.00,29,28,9,NULL,NULL,NULL,NULL,NULL,NULL);
INSERT INTO pedidos (`id`,`estado`,`fecha_hora`,`tipo_entrega`,`total`,`usuario_id`,`direccion_id`,`restaurante_id`,`direccion_snapshot`,`costo_delivery`,`distancia_km`,`fecha_aceptacion_repartidor`,`fecha_entrega`,`repartidor_id`) VALUES (30,'COMPLETADO','2025-06-09 17:28:49.000000','RETIRO_POR_LOCAL',9000.00,1,40,10,NULL,NULL,NULL,NULL,NULL,NULL);
INSERT INTO pedidos (`id`,`estado`,`fecha_hora`,`tipo_entrega`,`total`,`usuario_id`,`direccion_id`,`restaurante_id`,`direccion_snapshot`,`costo_delivery`,`distancia_km`,`fecha_aceptacion_repartidor`,`fecha_entrega`,`repartidor_id`) VALUES (31,'CANCELADO','2025-06-09 17:28:49.000000','DELIVERY',1650.00,2,1,10,NULL,NULL,NULL,NULL,NULL,NULL);
INSERT INTO pedidos (`id`,`estado`,`fecha_hora`,`tipo_entrega`,`total`,`usuario_id`,`direccion_id`,`restaurante_id`,`direccion_snapshot`,`costo_delivery`,`distancia_km`,`fecha_aceptacion_repartidor`,`fecha_entrega`,`repartidor_id`) VALUES (32,'EN_PREPARACION','2025-06-09 17:28:49.000000','RETIRO_POR_LOCAL',13600.00,3,40,10,NULL,NULL,NULL,NULL,NULL,NULL);
INSERT INTO pedidos (`id`,`estado`,`fecha_hora`,`tipo_entrega`,`total`,`usuario_id`,`direccion_id`,`restaurante_id`,`direccion_snapshot`,`costo_delivery`,`distancia_km`,`fecha_aceptacion_repartidor`,`fecha_entrega`,`repartidor_id`) VALUES (33,'COMPLETADO','2025-06-09 17:28:49.000000','DELIVERY',9780.00,4,3,10,NULL,NULL,NULL,NULL,NULL,NULL);
INSERT INTO pedidos (`id`,`estado`,`fecha_hora`,`tipo_entrega`,`total`,`usuario_id`,`direccion_id`,`restaurante_id`,`direccion_snapshot`,`costo_delivery`,`distancia_km`,`fecha_aceptacion_repartidor`,`fecha_entrega`,`repartidor_id`) VALUES (34,'COMPLETADO','2025-06-09 17:28:49.000000','RETIRO_POR_LOCAL',9870.00,5,41,11,NULL,NULL,NULL,NULL,NULL,NULL);
INSERT INTO pedidos (`id`,`estado`,`fecha_hora`,`tipo_entrega`,`total`,`usuario_id`,`direccion_id`,`restaurante_id`,`direccion_snapshot`,`costo_delivery`,`distancia_km`,`fecha_aceptacion_repartidor`,`fecha_entrega`,`repartidor_id`) VALUES (35,'CANCELADO','2025-06-09 17:28:49.000000','DELIVERY',1650.00,6,5,12,NULL,NULL,NULL,NULL,NULL,NULL);
INSERT INTO pedidos (`id`,`estado`,`fecha_hora`,`tipo_entrega`,`total`,`usuario_id`,`direccion_id`,`restaurante_id`,`direccion_snapshot`,`costo_delivery`,`distancia_km`,`fecha_aceptacion_repartidor`,`fecha_entrega`,`repartidor_id`) VALUES (36,'EN_PREPARACION','2025-06-09 17:28:49.000000','RETIRO_POR_LOCAL',13600.00,7,42,12,NULL,NULL,NULL,NULL,NULL,NULL);
INSERT INTO pedidos (`id`,`estado`,`fecha_hora`,`tipo_entrega`,`total`,`usuario_id`,`direccion_id`,`restaurante_id`,`direccion_snapshot`,`costo_delivery`,`distancia_km`,`fecha_aceptacion_repartidor`,`fecha_entrega`,`repartidor_id`) VALUES (37,'EN_CAMINO','2025-06-09 17:28:49.000000','DELIVERY',9780.00,8,7,12,NULL,NULL,NULL,NULL,NULL,NULL);
INSERT INTO pedidos (`id`,`estado`,`fecha_hora`,`tipo_entrega`,`total`,`usuario_id`,`direccion_id`,`restaurante_id`,`direccion_snapshot`,`costo_delivery`,`distancia_km`,`fecha_aceptacion_repartidor`,`fecha_entrega`,`repartidor_id`) VALUES (38,'EN_PREPARACION','2025-06-09 17:28:49.000000','RETIRO_POR_LOCAL',136.00,9,43,13,NULL,NULL,NULL,NULL,NULL,NULL);
INSERT INTO pedidos (`id`,`estado`,`fecha_hora`,`tipo_entrega`,`total`,`usuario_id`,`direccion_id`,`restaurante_id`,`direccion_snapshot`,`costo_delivery`,`distancia_km`,`fecha_aceptacion_repartidor`,`fecha_entrega`,`repartidor_id`) VALUES (39,'EN_CAMINO','2025-06-09 17:28:49.000000','DELIVERY',9780.00,10,9,13,NULL,NULL,NULL,NULL,NULL,NULL);
INSERT INTO pedidos (`id`,`estado`,`fecha_hora`,`tipo_entrega`,`total`,`usuario_id`,`direccion_id`,`restaurante_id`,`direccion_snapshot`,`costo_delivery`,`distancia_km`,`fecha_aceptacion_repartidor`,`fecha_entrega`,`repartidor_id`) VALUES (40,'EN_CAMINO','2025-06-09 17:28:49.000000','DELIVERY',9780.00,11,10,14,NULL,NULL,NULL,NULL,NULL,NULL);
INSERT INTO pedidos (`id`,`estado`,`fecha_hora`,`tipo_entrega`,`total`,`usuario_id`,`direccion_id`,`restaurante_id`,`direccion_snapshot`,`costo_delivery`,`distancia_km`,`fecha_aceptacion_repartidor`,`fecha_entrega`,`repartidor_id`) VALUES (41,'EN_PREPARACION','2025-06-09 17:28:49.000000','RETIRO_POR_LOCAL',6980.00,12,44,14,NULL,NULL,NULL,NULL,NULL,NULL);
INSERT INTO pedidos (`id`,`estado`,`fecha_hora`,`tipo_entrega`,`total`,`usuario_id`,`direccion_id`,`restaurante_id`,`direccion_snapshot`,`costo_delivery`,`distancia_km`,`fecha_aceptacion_repartidor`,`fecha_entrega`,`repartidor_id`) VALUES (42,'EN_CAMINO','2025-06-09 17:28:49.000000','DELIVERY',10200.00,13,12,14,NULL,NULL,NULL,NULL,NULL,NULL);
INSERT INTO pedidos (`id`,`estado`,`fecha_hora`,`tipo_entrega`,`total`,`usuario_id`,`direccion_id`,`restaurante_id`,`direccion_snapshot`,`costo_delivery`,`distancia_km`,`fecha_aceptacion_repartidor`,`fecha_entrega`,`repartidor_id`) VALUES (43,'LISTO_PARA_ENTREGAR','2025-06-09 17:28:49.000000','DELIVERY',9780.00,14,13,15,NULL,NULL,NULL,NULL,NULL,NULL);
INSERT INTO pedidos (`id`,`estado`,`fecha_hora`,`tipo_entrega`,`total`,`usuario_id`,`direccion_id`,`restaurante_id`,`direccion_snapshot`,`costo_delivery`,`distancia_km`,`fecha_aceptacion_repartidor`,`fecha_entrega`,`repartidor_id`) VALUES (44,'CANCELADO','2025-06-09 17:28:49.000000','DELIVERY',9780.00,15,14,15,NULL,NULL,NULL,NULL,NULL,NULL);
INSERT INTO pedidos (`id`,`estado`,`fecha_hora`,`tipo_entrega`,`total`,`usuario_id`,`direccion_id`,`restaurante_id`,`direccion_snapshot`,`costo_delivery`,`distancia_km`,`fecha_aceptacion_repartidor`,`fecha_entrega`,`repartidor_id`) VALUES (45,'LISTO_PARA_RETIRAR','2025-06-09 17:28:49.000000','RETIRO_POR_LOCAL',6980.00,16,45,15,NULL,NULL,NULL,NULL,NULL,NULL);
INSERT INTO pedidos (`id`,`estado`,`fecha_hora`,`tipo_entrega`,`total`,`usuario_id`,`direccion_id`,`restaurante_id`,`direccion_snapshot`,`costo_delivery`,`distancia_km`,`fecha_aceptacion_repartidor`,`fecha_entrega`,`repartidor_id`) VALUES (46,'EN_CAMINO','2025-06-09 17:28:49.000000','DELIVERY',10200.00,17,16,15,NULL,NULL,NULL,NULL,NULL,NULL);
INSERT INTO pedidos (`id`,`estado`,`fecha_hora`,`tipo_entrega`,`total`,`usuario_id`,`direccion_id`,`restaurante_id`,`direccion_snapshot`,`costo_delivery`,`distancia_km`,`fecha_aceptacion_repartidor`,`fecha_entrega`,`repartidor_id`) VALUES (47,'EN_CAMINO','2025-11-04 21:18:30.000000','DELIVERY',10987.00,48,48,16,NULL,NULL,NULL,NULL,NULL,NULL);
INSERT INTO pedidos (`id`,`estado`,`fecha_hora`,`tipo_entrega`,`total`,`usuario_id`,`direccion_id`,`restaurante_id`,`direccion_snapshot`,`costo_delivery`,`distancia_km`,`fecha_aceptacion_repartidor`,`fecha_entrega`,`repartidor_id`) VALUES (48,'LISTO_PARA_ENTREGAR','2025-11-04 21:18:30.000000','DELIVERY',887.00,48,49,16,NULL,NULL,NULL,NULL,NULL,50);
INSERT INTO pedidos (`id`,`estado`,`fecha_hora`,`tipo_entrega`,`total`,`usuario_id`,`direccion_id`,`restaurante_id`,`direccion_snapshot`,`costo_delivery`,`distancia_km`,`fecha_aceptacion_repartidor`,`fecha_entrega`,`repartidor_id`) VALUES (49,'EN_PREPARACION','2025-11-04 21:18:30.000000','DELIVERY',10987.00,48,47,16,NULL,NULL,NULL,NULL,NULL,NULL);
INSERT INTO pedidos (`id`,`estado`,`fecha_hora`,`tipo_entrega`,`total`,`usuario_id`,`direccion_id`,`restaurante_id`,`direccion_snapshot`,`costo_delivery`,`distancia_km`,`fecha_aceptacion_repartidor`,`fecha_entrega`,`repartidor_id`) VALUES (54,'CANCELADO','2025-11-09 19:39:46.898962','RETIRO_POR_LOCAL',6300.00,48,31,1,'San Juan 628, Mar del Plata (7600) - Rejas Verdes',NULL,NULL,NULL,NULL,NULL);
INSERT INTO pedidos (`id`,`estado`,`fecha_hora`,`tipo_entrega`,`total`,`usuario_id`,`direccion_id`,`restaurante_id`,`direccion_snapshot`,`costo_delivery`,`distancia_km`,`fecha_aceptacion_repartidor`,`fecha_entrega`,`repartidor_id`) VALUES (59,'PENDIENTE','2025-11-09 20:48:50.152420','DELIVERY',2400.00,48,47,2,'Maipu 5570, Mar del plata (7600)',NULL,NULL,NULL,NULL,NULL);
INSERT INTO pedidos (`id`,`estado`,`fecha_hora`,`tipo_entrega`,`total`,`usuario_id`,`direccion_id`,`restaurante_id`,`direccion_snapshot`,`costo_delivery`,`distancia_km`,`fecha_aceptacion_repartidor`,`fecha_entrega`,`repartidor_id`) VALUES (60,'CANCELADO','2025-11-09 20:50:37.062289','DELIVERY',300.00,48,47,16,'Maipu 5570, Mar del plata (7600)',NULL,NULL,NULL,NULL,NULL);
INSERT INTO pedidos (`id`,`estado`,`fecha_hora`,`tipo_entrega`,`total`,`usuario_id`,`direccion_id`,`restaurante_id`,`direccion_snapshot`,`costo_delivery`,`distancia_km`,`fecha_aceptacion_repartidor`,`fecha_entrega`,`repartidor_id`) VALUES (61,'CANCELADO','2025-11-09 20:53:48.534517','DELIVERY',1050.00,48,47,16,'Maipu 5570, Mar del plata (7600)',NULL,NULL,NULL,NULL,NULL);
INSERT INTO pedidos (`id`,`estado`,`fecha_hora`,`tipo_entrega`,`total`,`usuario_id`,`direccion_id`,`restaurante_id`,`direccion_snapshot`,`costo_delivery`,`distancia_km`,`fecha_aceptacion_repartidor`,`fecha_entrega`,`repartidor_id`) VALUES (62,'EN_PREPARACION','2025-11-09 21:27:38.602864','DELIVERY',300.00,48,47,16,'Maipu 5570, Mar del plata (7600)',NULL,NULL,NULL,NULL,NULL);


INSERT INTO productos_pedidos (`id`,`cantidad`,`precio_unitario`,`pedido_id`,`producto_id`) VALUES (1,2,253.00,1,14);
INSERT INTO productos_pedidos (`id`,`cantidad`,`precio_unitario`,`pedido_id`,`producto_id`) VALUES (2,1,369.00,1,15);
INSERT INTO productos_pedidos (`id`,`cantidad`,`precio_unitario`,`pedido_id`,`producto_id`) VALUES (3,2,1000.00,2,15);
INSERT INTO productos_pedidos (`id`,`cantidad`,`precio_unitario`,`pedido_id`,`producto_id`) VALUES (4,1,1200.00,2,14);
INSERT INTO productos_pedidos (`id`,`cantidad`,`precio_unitario`,`pedido_id`,`producto_id`) VALUES (5,1,369.00,3,14);
INSERT INTO productos_pedidos (`id`,`cantidad`,`precio_unitario`,`pedido_id`,`producto_id`) VALUES (6,3,300.00,4,15);
INSERT INTO productos_pedidos (`id`,`cantidad`,`precio_unitario`,`pedido_id`,`producto_id`) VALUES (7,2,1000.00,4,14);
INSERT INTO productos_pedidos (`id`,`cantidad`,`precio_unitario`,`pedido_id`,`producto_id`) VALUES (8,1,1200.00,5,1);
INSERT INTO productos_pedidos (`id`,`cantidad`,`precio_unitario`,`pedido_id`,`producto_id`) VALUES (9,2,200.00,5,2);
INSERT INTO productos_pedidos (`id`,`cantidad`,`precio_unitario`,`pedido_id`,`producto_id`) VALUES (10,3,369.00,6,3);
INSERT INTO productos_pedidos (`id`,`cantidad`,`precio_unitario`,`pedido_id`,`producto_id`) VALUES (11,3,300.00,6,43);
INSERT INTO productos_pedidos (`id`,`cantidad`,`precio_unitario`,`pedido_id`,`producto_id`) VALUES (12,2,1000.00,6,1);
INSERT INTO productos_pedidos (`id`,`cantidad`,`precio_unitario`,`pedido_id`,`producto_id`) VALUES (13,1,1200.00,6,2);
INSERT INTO productos_pedidos (`id`,`cantidad`,`precio_unitario`,`pedido_id`,`producto_id`) VALUES (14,1,200.00,7,4);
INSERT INTO productos_pedidos (`id`,`cantidad`,`precio_unitario`,`pedido_id`,`producto_id`) VALUES (15,5,369.00,7,5);
INSERT INTO productos_pedidos (`id`,`cantidad`,`precio_unitario`,`pedido_id`,`producto_id`) VALUES (16,1,300.00,8,42);
INSERT INTO productos_pedidos (`id`,`cantidad`,`precio_unitario`,`pedido_id`,`producto_id`) VALUES (17,4,1000.00,8,4);
INSERT INTO productos_pedidos (`id`,`cantidad`,`precio_unitario`,`pedido_id`,`producto_id`) VALUES (18,5,1200.00,8,5);
INSERT INTO productos_pedidos (`id`,`cantidad`,`precio_unitario`,`pedido_id`,`producto_id`) VALUES (19,2,200.00,9,42);
INSERT INTO productos_pedidos (`id`,`cantidad`,`precio_unitario`,`pedido_id`,`producto_id`) VALUES (20,4,369.00,9,4);
INSERT INTO productos_pedidos (`id`,`cantidad`,`precio_unitario`,`pedido_id`,`producto_id`) VALUES (21,5,300.00,9,5);
INSERT INTO productos_pedidos (`id`,`cantidad`,`precio_unitario`,`pedido_id`,`producto_id`) VALUES (22,2,1000.00,10,6);
INSERT INTO productos_pedidos (`id`,`cantidad`,`precio_unitario`,`pedido_id`,`producto_id`) VALUES (23,7,1200.00,10,7);
INSERT INTO productos_pedidos (`id`,`cantidad`,`precio_unitario`,`pedido_id`,`producto_id`) VALUES (24,2,200.00,10,8);
INSERT INTO productos_pedidos (`id`,`cantidad`,`precio_unitario`,`pedido_id`,`producto_id`) VALUES (25,1,369.00,11,9);
INSERT INTO productos_pedidos (`id`,`cantidad`,`precio_unitario`,`pedido_id`,`producto_id`) VALUES (26,1,300.00,12,8);
INSERT INTO productos_pedidos (`id`,`cantidad`,`precio_unitario`,`pedido_id`,`producto_id`) VALUES (27,2,1000.00,13,10);
INSERT INTO productos_pedidos (`id`,`cantidad`,`precio_unitario`,`pedido_id`,`producto_id`) VALUES (28,3,1200.00,14,10);
INSERT INTO productos_pedidos (`id`,`cantidad`,`precio_unitario`,`pedido_id`,`producto_id`) VALUES (29,6,300.00,15,10);
INSERT INTO productos_pedidos (`id`,`cantidad`,`precio_unitario`,`pedido_id`,`producto_id`) VALUES (30,9,1200.00,16,10);
INSERT INTO productos_pedidos (`id`,`cantidad`,`precio_unitario`,`pedido_id`,`producto_id`) VALUES (31,10,200.00,17,10);
INSERT INTO productos_pedidos (`id`,`cantidad`,`precio_unitario`,`pedido_id`,`producto_id`) VALUES (32,1,369.00,18,11);
INSERT INTO productos_pedidos (`id`,`cantidad`,`precio_unitario`,`pedido_id`,`producto_id`) VALUES (33,3,300.00,19,12);
INSERT INTO productos_pedidos (`id`,`cantidad`,`precio_unitario`,`pedido_id`,`producto_id`) VALUES (34,2,1000.00,19,13);
INSERT INTO productos_pedidos (`id`,`cantidad`,`precio_unitario`,`pedido_id`,`producto_id`) VALUES (35,1,1200.00,20,11);
INSERT INTO productos_pedidos (`id`,`cantidad`,`precio_unitario`,`pedido_id`,`producto_id`) VALUES (36,3,200.00,20,12);
INSERT INTO productos_pedidos (`id`,`cantidad`,`precio_unitario`,`pedido_id`,`producto_id`) VALUES (37,1,369.00,20,13);
INSERT INTO productos_pedidos (`id`,`cantidad`,`precio_unitario`,`pedido_id`,`producto_id`) VALUES (38,3,300.00,21,16);
INSERT INTO productos_pedidos (`id`,`cantidad`,`precio_unitario`,`pedido_id`,`producto_id`) VALUES (39,2,1000.00,21,17);
INSERT INTO productos_pedidos (`id`,`cantidad`,`precio_unitario`,`pedido_id`,`producto_id`) VALUES (40,1,1200.00,22,18);
INSERT INTO productos_pedidos (`id`,`cantidad`,`precio_unitario`,`pedido_id`,`producto_id`) VALUES (41,3,200.00,22,19);
INSERT INTO productos_pedidos (`id`,`cantidad`,`precio_unitario`,`pedido_id`,`producto_id`) VALUES (42,1,369.00,22,17);
INSERT INTO productos_pedidos (`id`,`cantidad`,`precio_unitario`,`pedido_id`,`producto_id`) VALUES (43,3,300.00,23,20);
INSERT INTO productos_pedidos (`id`,`cantidad`,`precio_unitario`,`pedido_id`,`producto_id`) VALUES (44,2,1000.00,23,21);
INSERT INTO productos_pedidos (`id`,`cantidad`,`precio_unitario`,`pedido_id`,`producto_id`) VALUES (45,1,1200.00,23,44);
INSERT INTO productos_pedidos (`id`,`cantidad`,`precio_unitario`,`pedido_id`,`producto_id`) VALUES (46,1,369.00,24,20);
INSERT INTO productos_pedidos (`id`,`cantidad`,`precio_unitario`,`pedido_id`,`producto_id`) VALUES (47,3,300.00,25,21);
INSERT INTO productos_pedidos (`id`,`cantidad`,`precio_unitario`,`pedido_id`,`producto_id`) VALUES (48,2,1000.00,25,44);
INSERT INTO productos_pedidos (`id`,`cantidad`,`precio_unitario`,`pedido_id`,`producto_id`) VALUES (49,1,1200.00,25,20);
INSERT INTO productos_pedidos (`id`,`cantidad`,`precio_unitario`,`pedido_id`,`producto_id`) VALUES (50,1,369.00,26,22);
INSERT INTO productos_pedidos (`id`,`cantidad`,`precio_unitario`,`pedido_id`,`producto_id`) VALUES (51,3,300.00,26,45);
INSERT INTO productos_pedidos (`id`,`cantidad`,`precio_unitario`,`pedido_id`,`producto_id`) VALUES (52,1,1200.00,27,22);
INSERT INTO productos_pedidos (`id`,`cantidad`,`precio_unitario`,`pedido_id`,`producto_id`) VALUES (53,3,200.00,27,45);
INSERT INTO productos_pedidos (`id`,`cantidad`,`precio_unitario`,`pedido_id`,`producto_id`) VALUES (54,1,369.00,28,22);
INSERT INTO productos_pedidos (`id`,`cantidad`,`precio_unitario`,`pedido_id`,`producto_id`) VALUES (55,2,1000.00,28,45);
INSERT INTO productos_pedidos (`id`,`cantidad`,`precio_unitario`,`pedido_id`,`producto_id`) VALUES (56,1,1200.00,29,22);
INSERT INTO productos_pedidos (`id`,`cantidad`,`precio_unitario`,`pedido_id`,`producto_id`) VALUES (57,3,300.00,30,23);
INSERT INTO productos_pedidos (`id`,`cantidad`,`precio_unitario`,`pedido_id`,`producto_id`) VALUES (58,2,1000.00,30,24);
INSERT INTO productos_pedidos (`id`,`cantidad`,`precio_unitario`,`pedido_id`,`producto_id`) VALUES (59,1,1200.00,31,25);
INSERT INTO productos_pedidos (`id`,`cantidad`,`precio_unitario`,`pedido_id`,`producto_id`) VALUES (60,3,200.00,31,23);
INSERT INTO productos_pedidos (`id`,`cantidad`,`precio_unitario`,`pedido_id`,`producto_id`) VALUES (61,1,369.00,32,24);
INSERT INTO productos_pedidos (`id`,`cantidad`,`precio_unitario`,`pedido_id`,`producto_id`) VALUES (62,3,300.00,33,25);
INSERT INTO productos_pedidos (`id`,`cantidad`,`precio_unitario`,`pedido_id`,`producto_id`) VALUES (63,2,1000.00,33,23);
INSERT INTO productos_pedidos (`id`,`cantidad`,`precio_unitario`,`pedido_id`,`producto_id`) VALUES (64,1,1200.00,33,24);
INSERT INTO productos_pedidos (`id`,`cantidad`,`precio_unitario`,`pedido_id`,`producto_id`) VALUES (65,3,200.00,33,25);
INSERT INTO productos_pedidos (`id`,`cantidad`,`precio_unitario`,`pedido_id`,`producto_id`) VALUES (66,1,369.00,34,26);
INSERT INTO productos_pedidos (`id`,`cantidad`,`precio_unitario`,`pedido_id`,`producto_id`) VALUES (67,3,300.00,34,27);
INSERT INTO productos_pedidos (`id`,`cantidad`,`precio_unitario`,`pedido_id`,`producto_id`) VALUES (68,2,1000.00,35,28);
INSERT INTO productos_pedidos (`id`,`cantidad`,`precio_unitario`,`pedido_id`,`producto_id`) VALUES (69,1,1200.00,35,29);
INSERT INTO productos_pedidos (`id`,`cantidad`,`precio_unitario`,`pedido_id`,`producto_id`) VALUES (70,3,200.00,35,30);
INSERT INTO productos_pedidos (`id`,`cantidad`,`precio_unitario`,`pedido_id`,`producto_id`) VALUES (71,1,369.00,36,28);
INSERT INTO productos_pedidos (`id`,`cantidad`,`precio_unitario`,`pedido_id`,`producto_id`) VALUES (72,3,300.00,36,29);
INSERT INTO productos_pedidos (`id`,`cantidad`,`precio_unitario`,`pedido_id`,`producto_id`) VALUES (73,2,1000.00,37,30);
INSERT INTO productos_pedidos (`id`,`cantidad`,`precio_unitario`,`pedido_id`,`producto_id`) VALUES (74,1,1200.00,37,28);
INSERT INTO productos_pedidos (`id`,`cantidad`,`precio_unitario`,`pedido_id`,`producto_id`) VALUES (75,3,200.00,38,31);
INSERT INTO productos_pedidos (`id`,`cantidad`,`precio_unitario`,`pedido_id`,`producto_id`) VALUES (76,1,369.00,38,32);
INSERT INTO productos_pedidos (`id`,`cantidad`,`precio_unitario`,`pedido_id`,`producto_id`) VALUES (77,3,300.00,39,33);
INSERT INTO productos_pedidos (`id`,`cantidad`,`precio_unitario`,`pedido_id`,`producto_id`) VALUES (78,2,1000.00,39,31);
INSERT INTO productos_pedidos (`id`,`cantidad`,`precio_unitario`,`pedido_id`,`producto_id`) VALUES (79,1,1200.00,39,32);
INSERT INTO productos_pedidos (`id`,`cantidad`,`precio_unitario`,`pedido_id`,`producto_id`) VALUES (80,3,200.00,40,34);
INSERT INTO productos_pedidos (`id`,`cantidad`,`precio_unitario`,`pedido_id`,`producto_id`) VALUES (81,1,369.00,40,35);
INSERT INTO productos_pedidos (`id`,`cantidad`,`precio_unitario`,`pedido_id`,`producto_id`) VALUES (82,3,300.00,41,36);
INSERT INTO productos_pedidos (`id`,`cantidad`,`precio_unitario`,`pedido_id`,`producto_id`) VALUES (83,2,1000.00,41,37);
INSERT INTO productos_pedidos (`id`,`cantidad`,`precio_unitario`,`pedido_id`,`producto_id`) VALUES (84,1,1200.00,41,34);
INSERT INTO productos_pedidos (`id`,`cantidad`,`precio_unitario`,`pedido_id`,`producto_id`) VALUES (85,3,200.00,42,35);
INSERT INTO productos_pedidos (`id`,`cantidad`,`precio_unitario`,`pedido_id`,`producto_id`) VALUES (86,1,369.00,43,38);
INSERT INTO productos_pedidos (`id`,`cantidad`,`precio_unitario`,`pedido_id`,`producto_id`) VALUES (87,3,300.00,43,39);
INSERT INTO productos_pedidos (`id`,`cantidad`,`precio_unitario`,`pedido_id`,`producto_id`) VALUES (88,2,1000.00,43,40);
INSERT INTO productos_pedidos (`id`,`cantidad`,`precio_unitario`,`pedido_id`,`producto_id`) VALUES (89,1,1200.00,43,41);
INSERT INTO productos_pedidos (`id`,`cantidad`,`precio_unitario`,`pedido_id`,`producto_id`) VALUES (90,3,200.00,44,38);
INSERT INTO productos_pedidos (`id`,`cantidad`,`precio_unitario`,`pedido_id`,`producto_id`) VALUES (91,1,369.00,44,39);
INSERT INTO productos_pedidos (`id`,`cantidad`,`precio_unitario`,`pedido_id`,`producto_id`) VALUES (92,3,300.00,45,40);
INSERT INTO productos_pedidos (`id`,`cantidad`,`precio_unitario`,`pedido_id`,`producto_id`) VALUES (93,2,1000.00,46,41);
INSERT INTO productos_pedidos (`id`,`cantidad`,`precio_unitario`,`pedido_id`,`producto_id`) VALUES (94,1,1200.00,46,38);
INSERT INTO productos_pedidos (`id`,`cantidad`,`precio_unitario`,`pedido_id`,`producto_id`) VALUES (95,3,200.00,46,39);
INSERT INTO productos_pedidos (`id`,`cantidad`,`precio_unitario`,`pedido_id`,`producto_id`) VALUES (104,4,1200.00,54,1);
INSERT INTO productos_pedidos (`id`,`cantidad`,`precio_unitario`,`pedido_id`,`producto_id`) VALUES (105,1,1500.00,54,2);
INSERT INTO productos_pedidos (`id`,`cantidad`,`precio_unitario`,`pedido_id`,`producto_id`) VALUES (112,1,600.00,59,4);
INSERT INTO productos_pedidos (`id`,`cantidad`,`precio_unitario`,`pedido_id`,`producto_id`) VALUES (113,1,1800.00,59,5);
INSERT INTO productos_pedidos (`id`,`cantidad`,`precio_unitario`,`pedido_id`,`producto_id`) VALUES (114,2,150.00,60,47);
INSERT INTO productos_pedidos (`id`,`cantidad`,`precio_unitario`,`pedido_id`,`producto_id`) VALUES (115,7,150.00,61,47);
INSERT INTO productos_pedidos (`id`,`cantidad`,`precio_unitario`,`pedido_id`,`producto_id`) VALUES (116,2,150.00,62,47);



INSERT INTO pagos (`id`,`estado`,`fecha_actualizacion`,`fecha_creacion`,`mercadopago_payment_id`,`mercadopago_payment_type`,`mercadopago_preference_id`,`mercadopago_status`,`mercadopago_status_detail`,`metodo_pago`,`monto`,`pedido_id`) VALUES (5,'PENDIENTE',NULL,'2025-11-09 19:39:46.898962',NULL,NULL,NULL,NULL,NULL,'EFECTIVO',6300.00,54);
INSERT INTO pagos (`id`,`estado`,`fecha_actualizacion`,`fecha_creacion`,`mercadopago_payment_id`,`mercadopago_payment_type`,`mercadopago_preference_id`,`mercadopago_status`,`mercadopago_status_detail`,`metodo_pago`,`monto`,`pedido_id`) VALUES (10,'PENDIENTE',NULL,'2025-11-09 20:48:50.162947',NULL,NULL,NULL,NULL,NULL,'EFECTIVO',2400.00,59);
INSERT INTO pagos (`id`,`estado`,`fecha_actualizacion`,`fecha_creacion`,`mercadopago_payment_id`,`mercadopago_payment_type`,`mercadopago_preference_id`,`mercadopago_status`,`mercadopago_status_detail`,`metodo_pago`,`monto`,`pedido_id`) VALUES (11,'PENDIENTE',NULL,'2025-11-09 20:50:37.062289',NULL,NULL,NULL,NULL,NULL,'EFECTIVO',300.00,60);
INSERT INTO pagos (`id`,`estado`,`fecha_actualizacion`,`fecha_creacion`,`mercadopago_payment_id`,`mercadopago_payment_type`,`mercadopago_preference_id`,`mercadopago_status`,`mercadopago_status_detail`,`metodo_pago`,`monto`,`pedido_id`) VALUES (12,'PENDIENTE',NULL,'2025-11-09 20:53:48.539944',NULL,NULL,NULL,NULL,NULL,'EFECTIVO',1050.00,61);
INSERT INTO pagos (`id`,`estado`,`fecha_actualizacion`,`fecha_creacion`,`mercadopago_payment_id`,`mercadopago_payment_type`,`mercadopago_preference_id`,`mercadopago_status`,`mercadopago_status_detail`,`metodo_pago`,`monto`,`pedido_id`) VALUES (13,'PENDIENTE',NULL,'2025-11-09 21:27:38.606893',NULL,NULL,NULL,NULL,NULL,'EFECTIVO',300.00,62);
